-4.33,7.95,-8.47,-6.77,3.40,-2.92,-5.33,1.98,-3.78,-5.16,5.05,-4.13,-5.70,-1.26,-2.87,-4.26,4.57,-4.07,-5.16,6.96,-5.15,-4.51,5.14,-1.14,0.44,-0.22,-3.90,-7.64,2.97,-3.24,-6.10,3.68,-2.83,-4.24,7.85,-2.14,-8.06,4.16,-4.89,-5.84,3.09,-3.48,-5.49,3.25,-4.48,-5.75,4.51,-6.63,-7.07,0.84,-6.86,-6.04,5.65,-7.06,-5.89,6.79,-8.09,-6.37,5.40,-8.66,-7.01,6.57,-9.67,-7.66,4.09,-8.02,-7.70,5.22,-8.79,-8.18,4.54,-9.35,-8.05,5.50,-9.21,-8.28,4.92,-9.52,-7.93,3.90,-8.68,-8.62,4.32,-7.42,-7.83,3.86,-8.65,-7.16,3.99,-9.66,-5.31,3.55,-7.66,-5.72,2.48,-7.18,-4.92,1.15,-6.92,-2.03,3.34,-3.96,-0.33,2.67,-1.12,-0.28,-1.80,1.41,4.29,-3.30,-2.14,13.48,0.02,-1.22,18.47,-6.99,-2.10,23.01,-10.63,-4.29,30.43,-1.95,-7.04,28.86,4.51,0.55,21.29,-6.56,2.84,16.46,-7.81,8.52,12.96,-1.19,-0.37
13.27,-4.33,-4.67,14.51,-6.37,0.87,14.49,-2.26,-1.21,13.86,0.18,-0.12,12.47,-1.70,-0.64,10.42,-3.91,-0.34,9.27,-2.05,-0.34,7.89,-3.94,-1.90,5.50,-3.89,-5.97,2.37,-3.97,-7.88,-0.62,-1.80,-6.51,-3.28,-2.99,-8.08,-7.07,-4.78,-8.50,-7.29,-4.93,-7.15,-7.54,-0.78,-11.07,-9.09,-0.77,-8.35,-7.99,-2.63,-6.24,-6.53,2.10,-9.11,-4.73,2.25,-7.07,-3.61,1.01,-6.05,-1.64,-0.27,-3.92,2.33,-0.60,-0.60,9.55,-2.09,0.78,18.54,-6.22,-6.62,30.43,-8.42,-8.49,34.59,-0.06,-5.72,32.64,-5.29,3.32,24.38,-10.15,22.60,12.86,-3.59,0.68,11.89,4.92,-2.78,8.18,-0.60,-1.05,8.55,0.42,-9.89,10.49,-5.98,-6.06,10.92,-4.17,-12.05,9.57,-3.63,-15.50,10.07,-4.34,-11.13,11.00,-2.34,-15.23,10.90,-2.66,-15.09,10.65,-5.52,-9.35,11.08,-4.11,-12.45,10.76,-2.32,-15.76,10.32,-4.72,-10.82,10.75,-3.51,-11.92,10.88,-0.57,-13.34,10.22,-3.95,-12.25
-7.36,4.34,-8.96,-6.85,1.52,-7.33,-5.25,-0.96,-5.99,-3.47,-0.21,-8.03,-2.34,-0.91,-7.06,-0.50,-1.89,-4.26,4.71,-1.31,-2.97,20.40,3.37,-5.20,39.25,-11.26,-4.43,27.04,-18.63,0.07,27.17,15.27,2.57,34.03,22.01,3.97,32.74,-23.17,23.03,11.75,-5.50,6.37,11.47,8.61,-2.07,8.15,3.48,-9.15,10.86,-6.79,-5.85,12.07,-1.53,-7.76,11.16,2.38,-17.04,10.84,-1.16,-13.09,11.30,-1.00,-9.62,11.89,0.20,-11.60,11.64,0.01,-14.51,11.77,-2.59,-10.52,11.75,-2.15,-9.33,11.37,0.61,-12.20,10.98,-0.57,-13.39,10.99,-1.71,-10.33,11.06,-1.43,-10.99,11.61,-0.27,-11.90,11.51,-1.05,-10.84,11.22,-2.23,-10.72,11.90,-1.58,-9.65,12.82,-1.97,-6.19,14.24,-3.16,-2.72,12.59,-3.09,1.74,13.51,-3.12,1.55,11.67,-0.05,0.17,9.32,0.48,2.71,7.49,-2.43,0.43,7.76,-5.25,-0.75,7.07,-4.31,-1.49,3.17,-3.27,-2.97,1.69,-3.15,-4.12,-0.43,-0.62,-4.51
14.41,-4.67,9.98,9.16,-4.12,-2.70,10.09,-6.42,-10.09,9.75,-2.70,-12.52,9.35,-1.90,-12.50,9.19,-2.76,-14.92,9.08,-2.24,-16.66,8.97,-4.48,-13.57,9.23,-4.46,-12.38,9.32,-1.99,-17.98,9.31,-3.55,-15.60,8.43,-3.37,-14.21,9.44,-3.94,-14.76,9.47,-2.08,-15.96,9.85,-2.79,-13.51,10.61,-4.52,-11.12,12.54,-4.63,-7.37,13.20,-5.29,-6.72,12.90,-3.56,-4.25,16.25,-5.66,-2.65,14.57,-3.49,-3.41,12.17,0.40,-2.52,10.03,0.01,-1.96,9.29,-2.28,0.97,9.22,-4.75,0.99,8.35,-3.30,-0.59,4.80,-3.98,-1.27,2.96,-4.19,-2.81,0.93,-2.14,-3.42,-0.14,-1.45,-3.64,-1.59,-0.93,-4.67,-2.96,-2.08,-4.70,-4.31,-2.77,-5.13,-6.16,-2.89,-8.71,-5.77,-1.33,-7.91,-4.49,-1.79,-7.10,-2.57,-0.37,-5.30,-0.60,-4.41,-2.73,1.28,-4.42,-3.28,5.39,-2.64,-3.20,12.10,-3.45,-5.26,22.00,-7.43,-9.13,30.83,-2.72,-9.00,35.36,-0.78,-1.80,35.19,-9.32,-7.75
6.85,-2.66,-16.40,6.99,-2.84,-14.57,8.14,-3.00,-14.27,9.62,-3.43,-16.08,9.75,-4.06,-13.17,10.45,-3.87,-8.74,13.00,-3.84,-6.34,15.33,-2.63,-5.17,16.16,-2.72,-3.48,15.94,-3.76,-2.32,13.15,-4.64,-2.88,9.39,-3.87,-2.36,8.16,-4.16,0.22,8.87,-2.98,1.64,7.32,-4.74,1.18,5.45,-5.43,-0.98,1.21,-2.12,-3.00,-0.49,-1.15,-2.02,-1.92,-2.28,-3.25,-3.30,-3.91,-4.82,-4.80,-3.23,-7.34,-6.00,-3.17,-6.58,-5.36,-3.72,-6.62,-5.29,0.34,-9.73,-3.67,-0.07,-7.09,-2.02,-2.67,-4.16,-1.35,-1.35,-4.18,3.20,-0.14,-2.80,9.49,-4.18,1.50,15.39,-7.78,-5.05,26.61,-3.02,-11.78,34.62,-8.55,-6.55,39.55,-4.20,-1.27,33.34,2.82,-3.19,27.47,-1.52,-1.96,19.43,-8.50,-0.79,14.53,-6.55,-3.67,13.82,1.46,-3.16,5.91,-5.12,-14.81,6.71,-7.14,-14.05,6.80,0.03,-14.93,5.09,-1.93,-21.84,5.32,-3.76,-16.09,6.08,-3.40,-16.71,5.66,-1.89,-19.63
15.05,-7.86,-3.79,17.77,-15.03,3.84,15.98,-2.93,2.43,15.83,5.00,-15.61,32.22,-2.06,-7.28,29.69,-7.82,-9.09,29.09,-0.97,2.91,21.19,1.79,5.38,9.61,0.75,-14.84,15.55,-3.71,-13.20,10.80,-6.40,-6.76,6.07,0.11,-12.23,5.53,1.15,-20.07,4.76,-1.41,-18.84,4.49,-2.95,-18.80,5.06,-2.27,-17.77,4.19,-0.91,-17.76,3.46,-0.72,-18.62,3.83,-0.75,-18.91,3.91,-0.95,-18.64,4.18,-2.53,-16.09,4.18,-1.60,-17.48,5.18,-0.56,-20.99,5.44,-1.58,-17.33,7.11,-3.19,-12.57,7.52,-2.26,-16.87,9.56,-2.38,-12.95,13.41,-2.42,-7.71,16.64,-3.22,-9.39,16.97,-4.46,-10.96,16.39,-3.65,-6.38,15.80,-1.45,-4.28,15.49,-0.12,-4.64,11.66,-3.76,-6.12,6.76,-5.07,-5.12,5.94,-7.10,-2.79,2.99,-9.18,1.23,4.75,-7.18,-0.47,-1.67,-5.86,0.95,-1.11,-4.84,1.52,-3.54,-0.19,0.76,-2.93,-4.00,5.32,-3.01,-5.65,-2.42,-4.49,-2.70,-8.25,-4.48,-0.85,-6.07
23.47,-9.51,1.52,17.14,-10.78,-3.36,11.94,-1.59,-9.57,9.29,2.98,-8.53,7.49,-2.12,-10.44,6.56,-2.04,-16.43,7.34,-2.76,-15.19,6.89,-1.21,-16.31,6.09,-0.27,-19.52,6.93,-1.77,-17.57,7.05,-1.53,-16.56,7.00,-1.73,-19.55,7.19,-2.48,-18.37,7.54,-1.35,-16.37,7.35,-0.63,-18.11,7.41,-2.75,-17.89,7.31,-1.50,-17.82,7.78,-2.23,-16.19,8.57,-2.74,-14.30,8.92,-1.82,-15.63,9.64,-2.72,-12.02,13.10,-4.45,-9.50,13.59,-1.73,-10.26,13.02,-1.66,-6.64,14.78,-2.91,-1.83,15.79,-0.90,-5.14,14.54,-0.76,-6.61,12.86,-0.01,-4.98,11.71,-0.87,-3.20,10.52,-1.95,-2.24,8.55,-4.65,-2.89,6.55,-6.20,-2.66,3.98,-2.08,-3.28,0.77,-4.21,-0.14,-2.55,-3.27,0.05,-1.81,1.43,3.05,0.14,-3.63,6.04,-1.32,-5.24,1.47,-1.82,-4.77,-1.46,-2.85,-1.62,-5.93,-3.56,-1.42,-6.11,-3.58,-3.19,-5.26,-2.68,-2.19,-4.86,-1.79,-1.40,-4.18,-0.85,-3.31,-3.40
9.80,-2.81,-14.09,7.60,-3.62,-13.30,7.84,-2.89,-13.51,4.80,0.14,-18.51,5.49,-2.76,-17.73,5.86,-2.89,-17.82,5.54,-2.28,-16.54,5.30,-1.07,-20.12,6.86,-3.50,-16.97,6.57,-2.29,-18.21,5.68,-2.93,-17.37,5.95,-2.15,-18.26,6.59,-2.83,-17.60,6.39,-3.73,-16.60,6.78,-2.60,-17.51,6.90,-3.04,-18.27,7.78,-3.78,-15.70,9.12,-4.08,-12.56,12.71,-2.88,-6.33,14.43,-2.25,-5.47,14.49,-2.00,-5.87,14.39,-0.59,-4.16,14.66,3.20,-6.90,16.05,2.05,-7.11,16.50,-2.43,-6.48,16.01,-6.93,-5.43,13.75,-6.42,-2.58,12.14,-8.82,-0.90,9.49,-7.15,-1.02,5.35,-1.37,3.79,2.20,-4.36,3.14,0.93,-6.04,2.52,-0.94,-2.39,-1.71,-2.76,1.31,-3.91,-2.70,-0.95,-3.12,-3.11,-1.62,-5.31,-3.00,-1.56,-6.39,-2.96,0.29,-6.47,-2.42,-1.88,-4.59,-1.97,-3.42,-5.33,-1.58,0.04,-6.29,0.00,0.28,-2.18,3.83,-4.32,-1.62,8.92,-3.55,-5.80,18.81,-8.62,0.03
7.51,-2.03,-15.96,7.36,-2.26,-17.56,7.59,-2.22,-17.85,8.31,-2.61,-16.92,8.00,-2.31,-18.36,7.51,-2.02,-18.03,8.20,-2.47,-15.86,8.79,-2.07,-16.38,8.74,-2.58,-16.47,9.27,-3.95,-13.81,9.10,-3.28,-12.31,10.92,-3.11,-10.09,11.39,-4.07,-13.06,12.09,-3.48,-13.46,12.67,-3.15,-9.41,12.82,-2.03,-6.61,11.86,2.50,-7.09,12.05,-0.07,-6.04,11.55,-2.79,-5.57,13.26,-4.95,-2.84,13.76,-3.18,-3.91,12.57,-5.68,-3.59,9.44,-6.27,-2.89,7.90,-5.57,2.07,6.14,-6.33,3.19,3.42,-1.84,0.86,2.20,-1.45,3.33,0.15,-4.71,0.56,-0.88,-4.66,-3.09,-2.79,1.00,-4.60,-3.36,1.70,-3.61,-2.67,0.78,-3.87,-2.40,0.37,-4.53,-1.78,-1.41,-4.43,-0.60,-3.71,-4.24,1.87,-4.07,-2.60,7.70,-3.75,-2.50,17.90,-5.99,-11.11,31.56,-15.66,-19.46,39.85,-23.83,-12.37,40.31,9.10,6.88,31.43,-6.39,10.72,23.11,-14.49,-0.65,18.28,-4.92,-1.64,11.65,-2.83,-8.83
10.31,-4.37,-9.36,12.21,-3.57,-7.32,14.08,-2.56,-6.65,13.56,-2.02,-3.80,14.14,-2.43,-3.65,11.72,-1.86,-5.02,10.99,-3.76,-2.53,9.09,-4.47,-2.44,9.20,-4.02,-0.47,8.13,-4.44,-1.56,6.96,-6.08,-1.58,5.11,-7.12,-1.76,2.24,-5.65,-1.73,1.29,-7.90,1.18,-0.24,-7.58,-1.90,-2.53,-3.78,-3.18,-4.51,-0.82,-4.98,-5.49,-1.07,-2.35,-4.17,-2.74,-1.79,-5.06,0.94,-5.13,-5.23,-0.07,-4.49,-4.47,-1.91,-4.84,-3.40,-0.96,-4.92,-2.11,-0.85,-6.34,-0.22,-3.00,-4.69,3.67,-5.82,-2.89,9.71,-2.03,-3.81,19.68,-9.81,-3.73,22.20,-9.25,-5.39,25.26,-4.54,-6.20,28.02,-1.66,-6.99,25.37,-1.88,-4.94,22.35,5.05,-1.23,20.09,0.72,3.49,15.80,-3.91,2.55,12.57,-0.97,-9.56,11.26,-0.28,-15.56,10.75,-0.25,-11.57,9.75,-2.87,-13.01,9.02,-1.52,-17.91,9.93,-0.94,-15.10,9.07,-0.76,-16.07,8.76,-2.15,-17.73,9.35,-2.21,-16.53,9.53,-1.26,-15.33
16.63,-4.10,-7.74,19.93,-13.42,-10.06,24.62,-7.50,-14.95,32.55,-10.39,-6.68,30.71,-8.31,-1.04,28.16,-8.39,0.33,15.04,-5.93,-6.47,11.58,0.59,-4.93,8.48,2.57,-16.04,8.98,-3.63,-13.46,7.73,-6.61,-12.78,6.13,-0.48,-18.91,5.49,-1.16,-18.60,6.61,-4.13,-16.51,6.21,-4.29,-15.68,5.87,-1.72,-18.08,6.39,-2.07,-18.83,5.73,-2.89,-17.87,6.32,-3.35,-17.15,6.48,-1.00,-18.56,6.14,-1.26,-17.96,7.32,-3.63,-15.46,8.39,-2.69,-13.43,9.88,-3.12,-10.88,12.14,-3.65,-10.62,12.57,-4.44,-8.93,15.36,-4.86,-3.90,16.65,-1.65,-2.54,19.55,-3.10,-1.82,16.89,-5.06,-5.77,12.84,-1.47,-5.26,8.64,-3.46,-3.98,5.92,-5.83,-1.54,2.80,-4.91,-1.24,2.23,-4.57,0.68,0.79,-5.16,-0.46,-0.67,-6.78,-0.57,-4.49,-4.80,-2.38,-3.14,-1.65,-4.03,-5.83,5.86,-3.39,-5.54,0.70,-1.00,-5.64,-0.81,-3.48,-5.38,0.58,-4.46,-3.99,-0.27,-5.27,-4.15,-1.49,-5.00
28.09,-12.11,-8.68,23.07,-1.86,-8.68,22.32,-1.43,-2.99,16.89,-5.73,-8.54,15.31,-8.52,-5.51,13.00,-6.78,-6.77,10.16,-2.01,-14.72,8.58,-5.08,-13.37,8.29,-5.36,-11.25,7.45,-1.21,-16.75,6.64,-1.51,-17.01,7.07,-4.10,-15.43,7.24,-2.68,-17.97,7.13,-2.29,-19.03,7.50,-2.97,-16.04,7.47,-3.37,-16.02,7.51,-2.20,-18.56,7.87,-3.56,-16.88,7.99,-4.38,-17.16,7.64,-2.85,-18.09,7.59,-3.64,-16.24,7.69,-3.18,-16.47,7.24,-2.60,-17.67,7.37,-3.46,-16.82,7.96,-3.80,-15.50,7.50,-3.01,-16.30,7.84,-3.37,-15.92,7.99,-4.26,-15.91,8.12,-3.59,-15.93,8.50,-3.68,-14.84,8.77,-4.38,-15.05,8.80,-4.14,-15.06,9.59,-4.58,-11.91,11.05,-5.27,-11.32,11.04,-4.17,-11.76,10.66,-4.98,-11.76,10.78,-4.94,-10.91,10.57,-4.16,-10.03,11.08,-3.22,-9.41,10.27,-3.19,-8.52,10.85,-3.30,-7.31,10.42,-2.87,-6.94,10.98,-3.61,-4.36,11.46,-2.32,-3.87,10.82,-3.52,-4.97
11.89,-5.40,-6.77,17.82,-9.60,-6.54,21.82,-16.15,-8.21,23.67,-8.38,-7.85,21.31,3.79,-5.73,21.45,0.28,-7.16,27.21,-2.38,5.11,19.12,-7.55,10.52,11.58,-14.42,-1.80,9.47,-5.26,-12.62,9.68,0.73,-12.68,8.85,-4.65,-14.27,8.63,-3.10,-17.59,8.31,-1.93,-17.11,8.11,-1.05,-16.37,8.47,-1.64,-16.74,8.37,-3.08,-17.76,9.04,-2.65,-17.33,8.73,-1.13,-17.23,8.28,-2.55,-15.66,8.98,-4.49,-15.56,9.49,-2.32,-16.82,9.88,-2.28,-15.98,9.81,-4.24,-15.57,10.27,-3.10,-14.86,10.62,-2.96,-14.13,10.81,-4.06,-14.26,10.14,-3.47,-14.84,10.11,-4.11,-14.84,9.62,-4.24,-14.81,8.51,-4.41,-14.61,7.35,-3.67,-15.51,7.24,-2.85,-16.12,6.70,-2.63,-17.15,6.97,-3.38,-15.26,7.96,-3.08,-13.59,8.54,-4.22,-15.38,8.28,-4.28,-16.61,8.70,-4.97,-14.69,8.48,-5.00,-14.24,8.74,-3.56,-14.99,8.55,-3.52,-14.41,9.13,-4.83,-13.50,8.56,-3.62,-16.39,8.67,-3.88,-14.59
9.03,-4.79,-13.40,8.92,-5.37,-13.30,9.09,-5.76,-13.40,9.28,-5.24,-13.92,9.25,-4.69,-13.93,9.00,-5.04,-13.41,8.86,-5.08,-13.06,9.12,-5.09,-13.38,9.00,-4.81,-13.74,8.76,-4.76,-13.89,9.03,-5.27,-13.24,8.97,-5.26,-13.42,8.90,-4.49,-13.87,8.93,-4.63,-13.93,8.87,-5.13,-13.33,8.98,-5.42,-13.24,9.14,-5.04,-13.61,9.01,-4.73,-13.89,8.93,-5.31,-13.41,9.08,-5.26,-13.31,8.82,-4.72,-13.41,9.21,-5.30,-13.77,8.89,-4.77,-14.25,8.89,-5.10,-13.63,9.01,-5.08,-13.39,8.80,-4.57,-13.84,8.87,-5.08,-13.68,8.94,-4.91,-14.02,8.98,-5.09,-13.56,8.94,-5.30,-13.46,9.06,-4.77,-13.52,8.99,-4.61,-13.78,8.98,-5.36,-13.46,8.94,-5.07,-13.62,9.00,-4.70,-13.78,9.05,-4.74,-13.81,8.94,-5.06,-13.94,8.94,-4.83,-14.00,8.96,-5.14,-13.62,8.88,-4.67,-14.02,8.95,-4.86,-13.58,8.98,-5.05,-13.76,9.07,-4.67,-13.77,8.97,-5.06,-13.88,9.03,-5.32,-13.77
9.19,-4.60,-14.00,9.22,-4.91,-13.64,9.08,-4.74,-13.89,9.10,-4.77,-13.53,9.08,-4.75,-13.81,9.10,-4.61,-13.74,9.04,-4.91,-13.67,9.06,-4.72,-13.73,9.09,-4.68,-13.73,9.13,-4.74,-13.59,9.12,-4.93,-13.77,9.19,-4.55,-13.89,9.21,-4.85,-13.80,9.18,-4.86,-13.77,9.22,-4.64,-13.78,9.11,-4.71,-13.79,9.06,-4.88,-13.70,8.97,-4.63,-13.55,9.02,-4.56,-13.78,9.15,-4.74,-13.64,9.11,-4.73,-13.77,9.14,-4.70,-13.99,9.17,-4.90,-13.67,9.14,-4.69,-13.79,9.26,-4.64,-13.88,9.11,-4.77,-13.85,9.09,-4.77,-13.68,9.05,-4.49,-13.89,9.05,-4.88,-13.77,9.06,-4.64,-13.64,9.07,-4.66,-13.82,9.05,-4.85,-13.71,9.02,-4.87,-13.66,9.09,-4.63,-13.68,9.03,-4.54,-13.76,9.09,-4.95,-13.68,9.11,-4.67,-13.98,9.09,-4.74,-13.69,9.16,-4.66,-13.76,9.12,-4.78,-13.83,9.17,-4.66,-13.75,9.12,-4.78,-13.90,9.23,-4.91,-13.77,9.22,-4.66,-14.00,9.11,-4.82,-13.68
9.50,-4.72,-13.62,9.52,-5.57,-14.33,9.46,-5.17,-13.75,8.95,-4.58,-13.67,8.65,-4.85,-13.59,8.65,-4.37,-13.46,8.83,-4.47,-13.06,8.91,-4.86,-13.25,9.04,-5.70,-13.55,9.18,-5.46,-13.86,9.38,-4.51,-13.58,9.05,-4.94,-13.26,9.21,-5.18,-13.67,9.25,-4.34,-14.07,9.17,-4.65,-13.83,8.93,-5.32,-13.75,9.11,-4.97,-13.80,9.22,-5.12,-13.40,9.02,-5.04,-13.32,8.94,-4.93,-13.54,9.00,-5.37,-13.44,8.91,-5.10,-13.50,8.80,-4.58,-13.51,8.84,-4.67,-13.61,8.67,-5.28,-13.72,8.74,-5.07,-13.41,8.97,-4.60,-13.37,9.06,-5.14,-13.63,8.99,-5.49,-13.50,9.11,-5.23,-13.30,9.04,-4.46,-13.43,8.96,-5.29,-13.53,9.12,-5.18,-13.74,9.11,-4.86,-13.81,8.93,-5.21,-13.38,8.94,-5.20,-13.28,8.93,-4.96,-13.85,8.93,-5.36,-13.36,8.89,-5.37,-12.96,8.94,-4.79,-13.22,8.93,-5.04,-13.86,9.11,-5.37,-13.39,8.94,-5.50,-13.20,9.11,-5.62,-13.24,9.14,-5.18,-13.43
9.25,-5.71,-11.35,9.04,-6.04,-11.41,9.04,-5.83,-11.77,9.14,-5.66,-11.41,9.06,-6.09,-11.48,9.23,-6.04,-11.72,9.15,-5.87,-12.03,9.00,-6.18,-11.47,8.91,-6.02,-11.59,8.83,-6.00,-11.51,8.98,-5.65,-11.29,8.94,-5.60,-11.42,8.79,-5.68,-11.74,8.70,-5.63,-12.11,8.74,-5.92,-11.87,8.74,-5.60,-11.82,9.12,-5.40,-11.58,8.97,-6.61,-11.49,9.31,-6.97,-11.10,9.17,-6.49,-11.03,9.18,-6.49,-10.82,9.14,-5.83,-11.02,8.88,-6.41,-11.02,9.15,-6.56,-10.82,9.03,-5.85,-10.81,8.89,-6.48,-10.53,8.71,-6.42,-10.41,8.84,-6.04,-10.49,9.04,-5.70,-10.50,9.02,-6.45,-9.61,8.91,-7.44,-9.16,9.25,-6.34,-9.17,9.02,-6.09,-8.96,9.05,-5.87,-8.31,8.95,-6.68,-7.86,9.48,-6.62,-6.43,9.46,-5.93,-6.55,9.31,-6.89,-6.56,9.38,-5.88,-4.87,9.50,-6.37,-4.79,8.83,-6.38,-5.11,7.99,-6.20,-4.98,7.25,-5.71,-5.41,6.66,-6.52,-4.85,5.54,-6.97,-4.26
8.76,-2.78,-11.64,24.68,-13.58,-9.76,33.53,-16.77,-8.27,35.73,-3.40,-0.74,32.26,-14.74,6.42,22.58,-3.62,1.19,16.09,-0.07,-4.34,13.46,-2.55,-3.75,11.07,-2.59,1.76,9.31,-0.67,-1.99,11.81,1.88,-10.41,10.77,-3.64,-14.22,9.56,-1.38,-15.49,9.36,0.62,-16.64,9.91,-2.39,-14.94,9.91,-1.21,-15.95,10.07,-0.78,-17.35,9.96,-1.26,-15.04,9.60,-3.04,-15.26,10.33,-2.91,-16.31,10.94,-1.81,-16.02,11.67,-3.13,-13.28,12.08,-4.22,-10.67,13.59,-4.04,-8.31,14.40,-3.23,-8.55,12.70,-3.13,-6.94,13.49,-4.11,-1.77,14.27,-1.81,-3.15,12.99,-0.72,-4.07,11.58,-5.15,-3.81,9.47,-7.17,-5.35,5.43,-3.64,-3.75,3.18,-4.77,-1.54,2.54,-5.54,-3.08,0.06,-3.50,-2.74,-2.58,-5.41,-4.28,-4.12,-2.81,-6.48,-7.14,1.07,-6.20,-6.88,0.40,-3.66,-8.03,2.94,-5.58,-6.69,2.28,-5.51,-7.34,3.22,-6.37,-6.64,1.94,-5.11,-5.63,-0.14,-5.36,-5.00,-0.27,-5.63
7.15,-2.43,-18.89,7.05,-2.97,-16.76,7.28,-3.50,-14.57,7.07,-3.84,-19.27,7.02,-2.95,-17.91,8.38,-4.09,-14.58,8.27,-4.39,-16.64,8.46,-4.36,-16.35,8.13,-5.22,-18.24,8.13,-4.55,-16.34,7.77,-4.71,-16.21,7.42,-5.87,-16.29,7.33,-4.77,-16.28,6.68,-4.33,-15.84,6.37,-5.82,-15.48,6.47,-5.96,-16.04,6.11,-4.94,-15.46,5.85,-5.97,-14.71,5.72,-6.60,-15.25,6.05,-5.86,-14.64,6.10,-6.30,-14.55,6.31,-6.66,-14.60,6.85,-5.92,-14.24,7.05,-5.63,-15.10,7.16,-6.51,-14.44,7.47,-6.58,-14.48,7.31,-5.96,-15.30,6.69,-5.53,-15.56,6.87,-6.59,-14.68,6.75,-5.88,-14.77,6.41,-5.01,-16.16,6.60,-5.64,-15.22,6.61,-6.06,-15.27,6.61,-6.15,-15.46,6.81,-6.10,-15.18,7.09,-5.46,-15.51,6.97,-6.35,-16.05,7.13,-6.85,-15.10,7.29,-6.00,-15.16,6.96,-5.44,-15.63,6.87,-6.57,-14.63,6.92,-6.29,-14.59,6.91,-5.24,-15.36,6.63,-5.63,-15.25,6.89,-6.78,-14.58
3.26,-9.88,-9.62,3.17,-9.81,-9.98,3.09,-8.79,-9.96,3.12,-9.15,-9.60,2.84,-9.03,-11.97,3.10,-9.13,-11.19,3.12,-9.11,-10.38,3.19,-9.07,-10.69,3.15,-9.71,-11.36,3.40,-10.22,-10.73,3.46,-9.60,-10.56,3.54,-8.99,-11.11,3.30,-10.10,-10.28,4.20,-9.56,-10.14,4.22,-7.84,-10.06,3.96,-9.52,-7.89,4.19,-11.51,-7.29,4.73,-10.52,-6.34,4.45,-9.00,-4.62,4.37,-8.84,-2.52,4.90,-9.88,0.62,4.24,-8.05,1.64,4.20,-8.20,3.34,3.55,-6.73,0.80,1.22,-3.64,-7.45,-2.97,-0.76,-8.77,-3.41,-0.34,-2.69,-3.65,-1.36,-3.25,-4.22,0.00,-3.88,-4.51,-0.53,-2.78,-5.19,-1.68,-4.09,-6.06,-2.05,-6.01,-7.04,-0.50,-7.58,-8.81,0.21,-8.32,-8.90,0.04,-10.42,-8.49,3.40,-11.17,-8.10,3.29,-11.41,-8.34,0.53,-9.66,-7.81,-0.19,-7.81,-7.35,1.31,-6.81,-7.23,2.82,-6.62,-7.23,2.38,-6.09,-6.90,2.97,-6.52,-7.20,2.92,-6.53,-7.44,1.43,-5.19
10.29,-3.58,-12.32,10.14,-4.34,-12.05,10.30,-5.31,-12.64,9.96,-3.42,-12.86,10.29,-4.21,-12.56,10.05,-3.06,-12.58,10.20,-3.93,-12.91,9.87,-3.60,-13.33,9.92,-4.21,-12.92,9.94,-4.40,-13.09,9.73,-4.22,-12.97,9.81,-4.57,-12.61,10.02,-4.19,-12.54,9.91,-3.85,-12.41,10.25,-4.80,-11.38,11.92,-6.24,-7.08,14.10,-6.14,-7.30,12.03,-4.52,-8.34,11.96,-7.14,-4.51,12.90,-7.30,-5.48,11.51,-4.06,-4.01,12.34,-7.01,-6.28,9.10,-6.29,-5.62,8.33,-10.08,-5.70,5.18,-6.24,-7.55,1.97,-5.14,-7.58,-0.05,-6.72,-7.86,-1.20,-10.35,-6.50,0.04,-9.61,-6.88,-3.37,1.09,-3.08,-3.24,-4.21,2.31,-1.83,-5.85,-3.40,-4.59,0.29,-7.45,-4.64,0.45,-4.39,-2.89,-3.32,-3.93,-3.88,0.76,-5.59,-4.89,1.64,-4.12,-5.58,0.74,0.28,-4.99,0.35,-1.90,-6.93,3.45,-4.83,-6.89,0.60,0.44,-5.94,-1.98,-2.80,-7.49,3.86,-6.69,-7.55,2.08,-5.08,-7.73,0.80,-5.31
8.98,-4.97,-13.87,8.92,-5.70,-14.47,8.73,-5.09,-13.58,8.66,-5.48,-13.43,8.59,-5.91,-13.52,8.54,-5.53,-13.56,8.75,-5.45,-13.55,8.70,-5.59,-13.85,8.87,-5.72,-13.54,8.76,-5.66,-13.19,9.17,-6.21,-12.67,8.84,-4.84,-13.18,9.01,-5.05,-10.26,10.24,-5.49,-5.35,12.67,-5.63,-6.33,12.17,-6.71,-7.25,13.90,-7.73,-1.86,11.92,-4.38,-0.85,7.91,-0.97,-0.70,6.33,-6.98,-0.88,4.04,-1.41,-3.57,3.39,-0.53,-4.41,2.43,-4.95,-1.39,1.68,-5.44,0.32,2.16,-2.41,-1.09,1.48,-4.88,-1.17,1.36,-3.40,-2.65,-0.38,1.12,-4.47,-4.57,0.57,-2.49,-5.39,-1.88,0.40,-4.33,-0.41,-3.11,-7.41,2.69,-2.87,-7.01,-1.58,-0.36,-6.94,1.27,-3.37,-6.38,3.36,-4.51,-4.18,0.30,-3.63,-0.46,-0.90,-4.22,4.14,6.42,-6.87,15.33,1.71,-6.18,25.06,-31.18,-6.34,19.82,-5.50,-7.74,21.89,9.42,-3.90,18.51,2.39,-5.48,21.56,-0.50,-6.58,19.68,5.35,-0.48
9.40,-5.20,-12.86,9.48,-4.45,-14.62,8.82,-3.83,-16.59,8.87,-4.36,-15.31,8.31,-5.03,-16.81,8.21,-3.54,-16.37,8.25,-4.54,-16.04,9.17,-5.07,-14.18,9.23,-5.03,-15.88,7.90,-3.08,-17.61,8.60,-5.24,-14.80,8.60,-4.07,-14.14,8.32,-3.40,-16.11,8.20,-4.27,-15.55,8.34,-4.42,-14.74,8.59,-4.01,-15.09,8.05,-4.36,-15.87,8.56,-4.28,-14.50,8.38,-4.09,-14.70,8.20,-4.58,-15.63,8.63,-4.41,-15.10,8.41,-3.38,-14.83,8.99,-5.09,-15.16,8.51,-4.82,-15.63,8.59,-4.36,-14.65,8.61,-3.84,-15.55,8.38,-4.30,-15.81,8.25,-4.49,-15.13,8.94,-4.54,-14.91,8.57,-3.59,-15.00,9.07,-4.71,-14.70,8.98,-5.26,-15.38,9.58,-5.35,-14.26,9.41,-4.26,-13.02,9.59,-5.15,-10.74,10.79,-6.40,-13.21,9.73,-6.86,-12.02,11.08,-6.64,-8.40,11.23,-5.90,-5.49,10.86,-5.90,-4.40,10.55,-5.48,-0.39,11.46,-4.15,-0.72,7.49,-2.60,-3.28,5.07,-3.80,-2.06,3.32,-1.44,-2.70
10.14,-9.03,-3.48,17.04,-7.99,-10.73,21.91,-0.22,-14.14,31.02,-12.35,-6.80,26.46,-9.30,5.86,15.76,5.60,-4.36,18.32,7.55,-8.28,16.90,-4.43,2.20,14.11,-6.61,-0.39,9.59,4.10,-13.09,10.63,-2.87,-12.88,8.91,-4.87,-13.13,9.08,-3.76,-14.01,8.88,-2.13,-16.77,7.81,-2.02,-18.07,8.12,-3.16,-15.67,8.44,-3.51,-15.84,8.95,-4.12,-17.42,8.00,-2.53,-17.33,8.91,-4.14,-14.16,8.17,-4.07,-15.68,8.42,-3.82,-16.56,7.66,-2.60,-16.59,8.58,-4.18,-15.09,8.30,-3.08,-15.95,8.30,-3.71,-15.01,8.55,-4.35,-16.15,8.50,-3.56,-16.66,8.48,-4.47,-15.12,8.44,-4.17,-15.16,8.40,-3.37,-16.42,8.29,-3.78,-16.03,8.46,-4.02,-15.15,8.62,-3.91,-15.20,8.22,-3.47,-15.88,8.69,-4.31,-15.47,8.42,-3.92,-15.31,8.45,-4.22,-15.39,8.65,-3.95,-15.17,8.54,-4.00,-15.51,8.75,-4.51,-15.21,8.67,-3.89,-15.17,8.58,-4.11,-15.17,8.56,-4.35,-15.32,8.83,-4.27,-15.25
8.83,-8.32,-4.99,13.96,-10.60,-5.40,13.96,-17.52,-6.35,7.62,-9.52,-8.00,7.30,-7.05,-11.31,13.06,1.67,-10.71,18.90,1.46,-5.20,18.21,-5.24,-1.88,15.98,-9.16,0.27,15.43,-1.91,-7.25,12.80,0.95,-12.64,10.96,-0.59,-9.27,9.47,-3.33,-6.80,8.03,-3.12,-8.32,8.91,-1.64,-12.05,9.80,-2.30,-13.98,9.74,-5.28,-13.67,10.46,-5.81,-13.23,9.56,-3.76,-15.41,9.84,-3.77,-14.69,10.17,-5.42,-13.00,10.25,-4.40,-13.35,9.75,-4.04,-13.95,9.26,-3.26,-13.68,9.98,-5.34,-12.02,10.04,-4.02,-13.32,9.44,-2.54,-14.99,10.00,-3.70,-12.91,10.37,-4.32,-11.66,10.01,-3.88,-10.48,10.78,-4.48,-8.02,12.37,-4.34,-8.41,11.59,-3.52,-6.50,12.89,-4.19,-3.32,12.68,-3.68,-2.44,11.21,-2.92,-3.90,10.54,-0.82,-5.32,7.62,-1.43,-4.22,4.19,-1.26,-0.32,4.47,-2.61,2.32,4.05,-1.85,0.63,2.34,-1.59,-2.06,0.49,-0.56,-2.14,0.99,-6.22,2.13,-1.60,-1.39,-4.07
11.71,-3.95,-11.60,25.07,-14.02,-13.82,33.38,-11.04,-9.06,30.79,-4.70,-4.02,20.58,-13.23,-2.04,11.88,-6.89,-5.66,10.35,3.22,-10.90,12.97,0.70,-8.62,13.30,-5.26,-7.07,14.82,-4.94,-12.35,13.79,-3.69,-10.19,12.36,-3.94,-9.08,9.73,-3.63,-13.81,8.55,-3.10,-15.49,8.55,-2.70,-13.25,9.26,-2.56,-14.34,8.67,-3.59,-16.06,9.32,-4.04,-13.43,9.35,-3.66,-14.06,9.02,-3.89,-16.51,9.06,-4.64,-15.58,9.17,-3.93,-13.74,8.60,-3.14,-15.29,8.75,-3.79,-15.67,8.87,-3.70,-14.19,9.15,-3.12,-13.92,9.14,-4.07,-15.45,9.00,-3.36,-15.03,9.48,-4.43,-14.22,9.26,-3.76,-14.33,8.91,-4.21,-15.73,8.94,-4.22,-15.10,9.11,-3.44,-15.43,9.14,-3.40,-14.74,9.19,-4.36,-13.99,8.77,-3.39,-15.15,8.56,-3.15,-15.03,8.82,-4.09,-14.13,8.94,-3.46,-14.52,9.31,-4.21,-14.68,9.03,-3.72,-14.84,9.48,-3.75,-14.02,10.29,-3.50,-13.78,11.52,-3.93,-11.64,13.21,-3.78,-9.32
9.24,-5.36,-11.42,9.60,-6.19,-11.57,9.03,-5.70,-11.14,8.91,-4.79,-10.69,8.71,-5.82,-10.98,8.42,-7.57,-11.38,8.88,-7.05,-11.41,8.92,-5.78,-11.13,9.24,-6.23,-10.58,9.67,-6.41,-11.07,8.97,-4.94,-11.14,8.90,-6.10,-10.83,8.87,-6.54,-12.36,8.73,-7.02,-11.81,9.73,-7.51,-11.44,9.48,-5.33,-12.67,8.41,-4.79,-11.25,9.42,-5.85,-10.01,10.79,-3.04,-7.98,10.45,-4.96,-3.46,12.44,-7.14,-2.20,12.84,-5.11,-0.05,14.50,-5.81,-3.82,10.31,-1.49,-4.58,10.94,-2.84,-1.41,7.17,-1.81,-5.83,4.20,0.33,-5.90,0.67,-1.08,-3.58,-0.30,-2.41,0.65,-0.01,-2.70,1.52,-1.00,-1.78,1.80,-1.13,-2.86,0.05,-3.23,-3.65,-2.49,-3.68,-3.12,-3.30,-4.75,-1.61,-3.79,-5.83,-0.05,-3.85,-5.15,-0.99,-2.99,-5.21,2.10,-4.66,-3.48,-0.06,-3.52,-2.64,-0.79,-2.58,0.26,0.21,0.09,3.11,-1.17,-1.96,6.29,-4.46,0.00,14.37,-10.55,-3.41,19.48,-7.71,-10.15
10.79,-2.81,-10.10,9.44,-4.61,-6.86,7.24,0.45,-23.07,8.24,-3.90,-15.18,6.65,-2.43,-16.17,6.12,0.26,-21.10,7.46,-2.67,-15.26,7.72,-2.62,-15.45,7.05,-2.10,-20.20,7.85,-2.37,-15.86,8.22,-1.93,-15.73,8.00,-2.93,-18.31,7.91,-3.42,-17.39,8.49,-1.75,-15.86,7.55,-2.34,-17.36,8.02,-3.55,-15.94,8.46,-2.26,-15.49,8.32,-1.45,-15.46,10.12,-3.37,-13.71,11.54,-3.96,-12.04,12.60,-4.18,-12.15,11.43,-2.88,-12.88,11.01,-2.58,-10.41,12.14,-2.32,-4.84,11.62,-1.93,-2.72,12.25,-1.98,-1.24,11.53,-0.80,-0.37,10.69,-2.03,-2.06,8.13,-3.39,-3.43,5.42,-1.24,-3.93,2.90,-1.24,-3.02,2.22,-5.20,-0.89,2.09,-5.51,-1.60,0.07,-3.21,-0.73,-3.26,-2.78,-1.85,-3.53,-5.65,-1.94,-5.64,-2.43,-1.81,-7.89,1.92,-2.61,-5.87,-1.61,-0.62,-5.96,-0.83,-3.18,-6.37,0.38,-5.83,-6.45,1.97,-7.60,-6.92,1.16,-6.30,-6.73,-1.63,-4.49,-6.57,1.02,-4.74
17.83,-7.30,-3.99,29.26,-5.24,-4.76,32.37,-6.44,1.24,22.71,-5.47,-2.49,25.91,1.15,1.04,25.23,-7.35,-0.39,21.49,-14.80,-0.03,17.36,-6.92,-0.23,11.15,5.13,-4.21,8.39,-1.48,-9.04,8.83,-3.39,-12.61,9.90,-1.86,-11.94,7.70,-1.69,-16.67,7.84,-1.01,-16.02,8.12,-2.44,-15.33,7.84,-0.46,-19.42,8.19,-2.21,-16.98,8.43,-2.30,-15.08,7.90,-0.38,-18.79,8.41,-2.34,-17.10,8.52,-1.76,-17.03,8.66,-2.66,-16.68,8.41,-1.14,-17.35,8.61,-1.57,-16.27,8.56,-2.64,-16.69,8.55,-1.59,-17.97,8.31,-0.90,-16.41,8.76,-2.57,-15.81,8.73,-2.48,-16.87,8.50,-0.78,-16.79,8.71,-2.38,-15.08,8.10,-0.99,-17.57,9.07,-2.01,-16.91,9.09,-2.77,-16.32,9.28,-1.96,-15.95,9.45,-2.35,-15.54,10.08,-3.88,-13.95,9.60,-5.41,-15.31,8.46,-1.70,-15.68,9.34,-2.83,-11.89,8.97,-5.52,-16.44,7.28,-4.96,-22.71,7.07,-3.45,-15.31,8.53,0.05,-8.79,9.59,-4.11,-10.05
12.53,-1.64,-9.99,12.04,-4.16,-5.26,11.17,-4.59,-3.91,12.47,-2.61,-2.94,14.59,-1.33,-6.63,14.45,-0.38,-6.23,16.07,-3.60,-6.12,13.93,-6.92,-7.39,11.50,-5.98,-7.48,8.76,-8.08,-3.29,5.87,-8.92,-2.54,1.73,-6.54,-1.83,-0.52,-4.76,-0.17,-3.27,-3.83,-0.59,-4.49,-3.36,-4.58,-7.36,0.61,-5.39,-5.63,-0.05,-4.89,-6.52,1.21,-8.52,-6.60,1.45,-9.76,-5.79,-0.58,-7.12,-4.91,0.54,-6.18,-4.64,-2.83,-5.99,-2.71,-3.26,-5.14,1.96,0.30,-4.48,8.80,0.70,-7.26,26.84,-9.48,-15.96,38.43,-7.86,-9.28,42.49,-0.98,3.60,34.46,9.93,0.98,29.76,-2.69,-1.72,21.13,0.28,2.13,16.98,-1.40,2.17,10.96,0.28,-11.63,11.02,-3.10,-10.81,8.60,0.13,-10.82,9.50,0.84,-11.82,8.60,0.11,-22.31,7.61,0.57,-16.29,8.64,-3.28,-13.28,8.15,0.03,-22.05,9.04,-0.47,-16.60,8.14,-1.73,-14.90,8.58,-1.47,-17.39,8.89,-0.95,-17.44,8.21,-0.36,-16.10
8.66,-4.87,-15.38,7.94,-3.19,-17.91,8.27,-3.04,-14.57,9.22,-5.76,-13.65,8.90,-3.41,-17.55,9.28,-2.14,-16.35,10.38,-4.30,-13.20,9.96,-2.49,-12.37,10.73,-2.47,-12.88,10.82,-2.60,-13.94,11.72,-3.94,-8.63,15.17,-4.96,-4.57,15.92,-3.85,-7.58,15.56,-2.71,-6.83,15.02,-2.68,-6.33,10.63,-1.24,-6.44,9.60,-2.12,-3.00,9.93,-6.46,-2.52,7.29,-5.07,-2.74,2.05,-3.10,-1.79,0.68,-6.41,0.28,-0.61,-5.59,-2.91,-7.77,-0.03,-4.25,-5.45,-3.96,-4.07,-6.68,1.50,-5.53,-6.51,-0.36,-5.92,-6.45,1.15,-9.20,-5.19,2.33,-7.58,-2.57,0.71,-4.21,-1.14,-2.35,-3.10,0.59,-2.94,-5.32,5.33,-4.94,-2.68,9.50,-13.94,1.72,11.93,-6.94,-7.66,23.72,-7.25,-9.31,24.55,-19.08,-3.55,14.43,-6.24,-8.85,18.22,1.51,-0.16,16.28,-4.91,-5.65,23.03,-9.46,2.71,15.14,-7.36,-0.68,11.21,-3.39,-9.23,11.00,-7.55,-9.52,8.61,-3.41,-11.77,8.78,-3.93,-16.94
7.59,-4.03,-16.83,7.11,-3.56,-17.10,7.45,-3.12,-17.10,7.48,-3.10,-16.58,7.45,-3.59,-16.67,7.55,-4.48,-17.23,7.56,-2.59,-17.07,7.55,-3.06,-16.08,7.25,-3.14,-17.47,7.75,-4.40,-16.34,7.92,-4.30,-15.38,8.01,-3.17,-14.71,9.13,-3.58,-15.08,9.30,-4.46,-12.55,10.56,-5.42,-10.20,12.05,-3.65,-10.03,13.69,-1.73,-9.86,12.45,-0.22,-2.83,15.15,-5.82,4.04,15.13,-1.81,0.08,14.20,0.69,-2.46,10.76,0.78,-4.90,8.24,-0.51,-4.88,7.06,-6.24,-4.55,5.04,-10.05,-4.39,2.13,-7.00,-5.19,-2.17,-4.46,-2.44,-2.26,-7.75,-3.81,-6.78,5.33,-8.70,-10.21,8.72,-9.17,-11.94,7.70,-2.20,-9.85,-2.32,0.54,-7.21,-0.87,-5.07,-7.34,5.21,-9.26,-6.45,2.57,-7.60,-5.57,-0.15,-6.25,-5.17,2.70,-6.24,-3.38,3.08,-4.43,-2.56,-1.50,-3.15,-0.06,-4.36,-6.78,3.93,-9.39,5.36,5.27,-6.44,3.32,7.17,-8.73,-6.30,10.86,-11.10,-7.75,13.09,-10.07,-9.86
9.23,-3.24,-14.95,8.66,-0.53,-16.54,9.17,-3.58,-17.06,9.22,-3.25,-16.44,8.49,-0.98,-14.76,8.47,-2.16,-15.84,9.37,-4.10,-15.14,11.35,-3.19,-13.15,9.70,-2.97,-13.85,9.62,-1.17,-12.60,11.54,-1.60,-11.88,13.91,-2.66,-9.05,15.92,-1.70,-3.53,16.41,-1.89,-3.24,15.74,0.44,-2.36,14.20,-0.91,-3.88,12.20,-2.10,-4.72,11.08,-1.47,-5.98,8.67,-3.21,-6.17,6.36,-5.03,-4.23,2.85,-4.55,-4.10,0.00,-2.03,-1.29,-1.75,-3.73,0.33,-3.65,-2.62,3.06,-1.74,-4.35,3.33,-5.06,-1.08,-3.71,-4.44,0.73,-3.69,-3.43,0.67,-5.10,-1.63,-0.78,-4.47,1.27,1.24,-3.27,3.62,-1.65,-1.82,7.02,-5.47,-1.55,13.11,-3.90,-5.07,24.98,-3.52,-13.12,39.09,-13.99,-14.17,33.44,-14.20,-5.91,26.88,4.06,-6.42,31.58,8.49,-0.16,27.10,-11.17,4.38,15.28,-18.84,-2.77,13.16,-8.27,-2.55,7.36,1.86,-9.71,8.22,-3.87,-12.49,8.10,-5.85,-14.01,9.07,-2.79,-15.46
8.64,-2.22,-16.75,8.49,-1.80,-16.94,8.71,-2.72,-15.98,8.20,-1.45,-16.79,8.43,-2.29,-15.69,8.23,-1.74,-16.75,9.00,-2.95,-16.64,8.68,-2.44,-16.58,8.73,-2.26,-16.37,8.75,-2.61,-15.76,8.98,-3.12,-15.97,8.50,-2.38,-17.17,8.88,-2.44,-15.58,8.78,-2.39,-16.12,8.90,-2.84,-16.18,8.89,-2.60,-16.02,9.64,-2.64,-13.59,11.85,-4.33,-10.67,13.08,-3.37,-10.73,13.56,-3.39,-9.94,13.00,-4.80,-10.04,12.52,-3.13,-5.51,14.73,-2.68,-1.69,14.14,0.37,-2.00,12.96,-1.97,-3.16,9.80,-3.50,-4.09,8.19,-3.47,-4.60,7.78,-3.36,-6.95,6.58,-7.51,-5.50,5.52,-13.72,-5.10,1.63,-5.78,-8.49,-2.02,-5.47,-4.85,-3.97,-3.13,-3.89,-5.51,-2.73,-0.15,-5.61,-1.87,-1.89,-5.41,-1.17,-1.37,-3.10,-2.56,-0.61,-3.02,-1.97,-1.62,-1.60,-5.71,-0.71,-0.42,-4.46,-3.74,2.53,0.98,-9.21,12.04,-2.05,-7.83,24.96,-19.32,-4.74,22.15,-13.21,-9.29,20.81,-10.91,-14.94
12.70,-1.53,-11.28,10.14,-5.26,-15.22,7.25,-5.91,-16.09,6.39,-7.19,-15.78,6.43,-2.24,-18.12,6.03,-2.81,-19.74,4.89,-5.51,-19.36,5.60,-3.04,-19.67,5.61,-1.45,-18.42,5.38,-3.52,-18.78,5.23,-4.13,-19.49,5.81,-3.55,-18.40,5.68,-1.76,-19.45,5.84,-3.41,-17.64,5.27,-3.75,-17.72,5.59,-3.69,-18.39,5.60,-2.50,-18.45,5.58,-2.87,-17.68,5.66,-2.93,-18.15,5.35,-3.34,-18.26,5.71,-3.52,-16.98,6.05,-3.73,-17.81,6.03,-3.42,-18.84,5.82,-3.01,-18.15,5.88,-3.17,-17.38,6.01,-3.60,-17.75,5.97,-3.51,-18.23,6.16,-4.19,-17.21,5.90,-3.36,-17.80,5.71,-2.97,-17.67,6.15,-3.89,-17.03,6.24,-5.36,-18.02,5.66,-4.04,-18.13,6.14,-4.74,-16.61,5.56,-1.99,-17.36,6.36,-2.98,-16.55,6.51,-4.05,-17.07,7.41,-5.69,-13.23,9.29,-7.55,-10.11,9.90,-4.80,-9.19,11.34,-5.70,-6.18,15.05,-7.49,-4.50,15.77,-6.01,-4.89,14.32,-4.05,-5.90,11.78,-2.16,-4.47
11.30,1.41,-7.99,27.03,-9.74,-11.97,38.78,-19.32,-14.49,37.24,-6.92,-9.13,36.58,9.72,-9.52,40.69,2.30,-11.97,38.05,-11.98,4.20,22.19,-11.57,8.83,10.90,8.88,-20.63,9.81,-3.13,-10.06,8.05,-11.59,-10.86,6.61,-0.54,-20.52,6.08,-0.64,-16.84,4.45,-4.81,-19.14,4.20,-3.03,-20.37,5.27,-3.07,-17.61,4.15,-1.96,-19.94,4.96,-2.82,-19.28,5.32,-3.44,-18.13,4.88,-3.84,-18.61,4.66,-3.37,-18.54,4.97,-2.98,-17.88,5.14,-3.08,-18.31,5.03,-3.30,-17.29,4.58,-2.96,-19.45,5.21,-3.88,-17.46,4.95,-2.22,-19.08,5.08,-3.45,-17.31,5.31,-3.69,-17.52,5.74,-2.85,-18.27,6.10,-3.61,-17.48,6.67,-4.23,-14.49,9.20,-4.46,-12.66,11.11,-4.88,-13.56,12.89,-7.96,-10.01,15.18,-12.60,-6.11,18.00,-4.33,-3.11,16.69,0.12,-4.28,15.41,-3.69,-4.08,13.28,-6.29,-5.55,10.83,-7.50,-6.93,7.93,-7.83,-10.46,5.45,-11.05,-5.34,3.74,-15.91,-7.75,-1.38,-5.44,-8.14
18.10,1.45,0.47,21.40,-8.86,1.65,17.21,-8.87,-1.63,13.24,7.20,-16.57,13.33,-1.75,-14.08,12.81,-13.72,-8.58,8.58,-2.12,-13.12,6.99,1.04,-16.92,6.68,-4.15,-16.41,6.68,-4.04,-19.12,7.63,-3.12,-19.21,7.35,-3.82,-16.98,6.94,-3.59,-16.06,7.90,-3.90,-17.11,7.61,-4.67,-16.65,8.00,-5.67,-15.43,7.74,-3.54,-17.59,6.81,-3.01,-17.83,7.49,-5.26,-14.69,7.95,-3.66,-14.50,8.90,-3.98,-11.98,10.42,-5.77,-10.38,11.95,-5.48,-8.00,15.70,-5.55,-2.32,16.74,-3.36,-0.16,18.63,-7.25,-1.49,13.91,-5.07,-5.72,10.18,-3.10,-6.27,6.17,-2.34,-5.36,3.75,-4.69,-3.96,1.99,-6.09,-6.64,-3.07,-0.26,-6.00,-3.63,-3.19,-2.50,-5.33,-3.12,-3.57,-5.80,-1.38,-2.32,-5.12,-1.31,-0.68,-4.81,-0.54,-0.02,-4.26,-3.85,-0.73,-4.38,-0.26,-4.01,-4.94,1.19,-3.30,-5.04,-3.76,-2.85,-6.05,-1.97,-3.37,-6.79,2.29,-4.06,-7.28,-0.32,-2.41,-7.40,1.38,-3.63
-6.68,5.82,-9.96,-7.48,5.69,-10.30,-7.53,4.79,-11.46,-7.73,5.22,-12.39,-7.70,5.63,-11.22,-7.29,4.26,-10.11,-7.18,4.53,-10.54,-7.38,4.88,-10.53,-7.28,4.18,-9.95,-7.31,4.25,-10.18,-7.43,4.58,-9.97,-7.25,4.24,-9.30,-7.34,4.32,-9.43,-7.51,4.46,-9.40,-7.50,4.71,-9.39,-7.76,4.56,-9.53,-8.59,5.65,-11.70,-9.28,6.78,-15.35,-9.22,7.34,-16.43,-8.98,5.20,-11.12,-7.22,0.85,-2.24,-6.31,1.79,-1.75,-6.45,2.60,-3.79,-5.71,1.62,-2.67,-5.88,2.01,-2.19,-5.12,0.53,-3.82,-5.51,1.62,-7.09,-4.78,2.16,-7.89,-4.85,1.17,-9.06,-3.58,0.81,-8.21,-2.05,1.19,-8.23,1.84,0.29,-7.03,12.55,-6.07,-9.12,33.45,-11.63,-16.24,52.61,-22.15,-13.56,42.52,-14.28,-8.19,37.12,-6.48,4.95,20.37,-10.99,5.23,15.71,0.78,-2.75,15.79,-1.49,-1.16,14.71,-4.49,-12.21,13.05,-5.41,-12.63,11.03,-3.39,-12.13,7.85,0.98,-14.27,7.46,-2.46,-16.66
13.26,-8.76,-5.96,13.16,-3.75,-7.35,14.78,-5.16,-10.18,13.12,-4.01,-8.62,12.12,-4.57,-4.71,10.31,-4.50,-3.48,10.46,-4.31,-2.93,8.06,-2.47,-3.53,5.62,-5.06,-2.11,5.27,-5.96,-1.94,2.98,-5.09,-2.84,-0.03,-6.15,-1.81,-2.73,-5.38,-0.46,-2.19,-3.54,0.19,-5.77,-2.54,-6.11,-9.39,2.52,-4.49,-4.34,-3.10,-0.15,-7.82,2.87,-6.00,-6.38,2.11,-4.57,-4.94,-1.77,-4.91,-5.06,-1.20,-4.58,-3.98,-2.58,-3.86,-2.09,-2.05,-5.31,0.50,-2.52,-2.26,2.74,1.03,-3.37,13.35,1.48,-11.91,44.11,-22.59,-8.50,36.49,-28.24,-9.73,32.38,0.55,-3.33,29.88,5.18,5.44,23.57,-4.36,-0.22,18.73,-7.92,2.30,13.41,-5.77,0.93,11.84,1.34,-9.77,10.87,-7.19,-11.94,9.83,-7.09,-12.15,6.59,-3.11,-16.84,6.64,-4.77,-16.29,6.40,-3.86,-17.03,5.87,-3.52,-17.58,5.66,-5.09,-17.43,6.27,-3.70,-16.86,6.15,-2.90,-18.60,6.39,-5.78,-17.24,6.36,-4.04,-16.61
-11.01,4.75,-4.26,-6.78,-1.12,0.65,-4.75,-1.91,-5.58,-7.30,4.80,-10.02,-6.31,2.77,-5.23,-3.48,-1.54,-4.22,-4.53,1.18,-6.17,-3.62,-4.10,-4.29,-2.17,-2.14,-4.41,-1.11,2.13,-1.20,1.42,-1.78,0.44,9.80,-0.67,-1.42,21.99,-0.63,-4.72,30.55,-21.80,-7.35,30.15,1.28,9.03,20.63,5.73,19.63,14.56,-4.39,1.04,15.87,5.15,1.30,17.90,-7.36,8.47,12.42,-2.60,-1.28,10.40,-1.73,-12.18,10.56,-1.00,-10.10,10.23,-2.94,-13.53,9.39,-1.01,-18.11,10.54,-1.54,-12.43,10.40,-3.36,-14.58,9.73,-1.93,-17.23,10.36,-3.21,-13.24,10.30,-3.49,-13.80,9.51,-1.63,-15.65,9.78,-3.01,-13.75,9.92,-3.80,-13.60,10.19,-2.66,-14.57,9.29,-2.62,-15.36,10.67,-2.65,-12.05,11.65,-3.33,-11.57,12.17,-3.66,-9.77,12.46,-3.96,-7.90,13.25,-3.35,-4.80,13.84,-1.72,-1.79,14.39,-0.96,-0.36,12.87,-1.79,-2.07,10.51,-1.77,-0.47,8.06,-2.22,-2.26,5.09,-1.72,-3.38
19.92,-8.43,-4.99,38.10,-24.42,-16.63,48.35,-13.63,-9.76,43.34,20.87,8.92,39.35,-12.30,22.85,16.67,-11.85,-0.54,12.95,12.86,-6.52,17.82,-6.07,1.11,13.91,-6.72,-9.07,12.13,-0.95,-12.17,9.79,-2.68,-11.03,8.26,-6.24,-15.11,6.85,-0.30,-16.72,6.99,-1.66,-18.27,5.49,-3.11,-20.99,6.82,-2.70,-16.71,6.24,-1.15,-19.15,6.09,-2.55,-18.67,7.02,-3.61,-16.89,6.06,-0.90,-18.39,6.72,-3.43,-15.88,5.86,-0.89,-19.30,7.13,-4.07,-17.33,6.55,-2.99,-18.20,6.34,-1.81,-18.00,6.73,-3.24,-16.80,7.01,-2.69,-16.54,7.85,-2.41,-15.87,9.61,-3.61,-14.13,11.30,-4.61,-11.60,13.15,-3.51,-9.91,14.09,-2.18,-10.66,12.86,-1.45,-10.10,13.45,-1.20,-5.19,15.48,-2.06,-3.12,15.03,-2.13,-4.86,11.82,-3.87,-6.47,9.43,-4.23,-8.33,6.50,-3.40,-7.52,6.54,-7.73,-3.44,4.10,-7.56,-2.45,2.67,-8.02,-0.17,0.56,-7.86,-2.83,-3.81,-2.59,2.63,-2.21,-4.46,5.26
7.86,-7.51,-13.76,7.43,-3.06,-15.72,4.46,-0.29,-19.16,5.77,-4.52,-17.97,6.76,-5.30,-18.07,8.23,-4.37,-16.78,6.26,-3.87,-17.48,6.97,-4.83,-18.31,8.02,-5.71,-16.69,7.67,-4.37,-15.54,6.65,-4.08,-16.51,7.32,-5.40,-15.55,7.17,-4.58,-16.03,6.51,-4.26,-16.30,6.83,-5.36,-15.04,6.93,-4.87,-15.32,7.10,-4.61,-16.65,7.41,-5.60,-15.92,7.15,-3.84,-16.16,6.97,-3.95,-15.84,6.98,-5.09,-16.58,7.48,-5.57,-15.51,7.15,-3.63,-15.92,7.08,-4.18,-16.46,7.27,-4.60,-15.75,7.49,-5.91,-14.88,7.59,-4.82,-16.75,7.19,-4.10,-16.15,7.61,-4.77,-14.77,7.15,-4.30,-15.36,7.61,-4.96,-15.76,7.38,-4.75,-16.04,8.11,-4.47,-16.02,7.60,-4.57,-16.74,8.43,-5.38,-15.09,8.11,-5.18,-15.92,8.33,-4.32,-15.51,8.16,-5.15,-16.69,8.43,-5.51,-15.69,8.56,-5.14,-15.55,7.80,-3.66,-15.74,7.82,-5.33,-15.21,8.07,-5.25,-15.00,7.90,-3.80,-16.09,7.67,-3.99,-15.42
0.10,-10.93,-9.96,0.87,-8.90,-6.28,0.45,-8.74,-6.00,0.47,-8.70,-6.03,0.49,-8.71,-6.11,0.57,-8.70,-6.15,0.45,-8.70,-6.06,0.46,-8.71,-6.08,0.45,-8.71,-6.08,0.58,-8.71,-6.27,0.47,-8.71,-6.08,0.53,-8.70,-6.10,0.45,-8.69,-6.09,0.50,-8.71,-6.11,0.49,-8.74,-6.11,0.50,-8.75,-6.15,0.49,-8.73,-6.10,0.49,-8.70,-6.12,0.48,-8.70,-6.13,0.48,-8.72,-6.12,0.48,-8.73,-6.11,0.48,-8.71,-6.12,0.48,-8.71,-6.12,0.47,-8.72,-6.13,0.49,-8.71,-6.12,0.49,-8.71,-6.12,0.49,-8.72,-6.12,0.48,-8.71,-6.14,0.49,-8.71,-6.12,0.49,-8.69,-6.10,0.48,-8.71,-6.15,0.49,-8.71,-6.13,0.50,-8.73,-6.09,0.49,-8.72,-6.12,0.48,-8.72,-6.13,0.48,-8.70,-6.14,0.47,-8.71,-6.11,0.49,-8.70,-6.13,0.48,-8.72,-6.15,0.46,-8.71,-6.13,0.47,-8.71,-6.11,0.50,-8.70,-6.13,0.49,-8.73,-6.14,0.48,-8.72,-6.13,0.45,-8.74,-6.13
