-7.37,4.36,-9.04,-7.41,5.12,-9.78,-6.09,4.69,-9.27,-7.02,5.75,-9.43,-6.69,4.20,-8.64,-7.43,3.27,-9.52,-7.52,3.97,-9.05,-7.94,3.38,-8.95,-4.92,3.74,-6.33,-8.93,4.21,-11.57,-7.14,3.65,-9.71,-7.49,4.64,-9.76,-7.79,3.02,-9.81,-7.56,2.51,-9.48,-6.99,4.44,-9.81,-7.82,2.72,-9.83,-7.54,2.06,-10.34,-7.32,2.64,-11.49,-7.02,2.46,-11.26,-6.76,2.26,-11.51,-6.77,2.17,-11.91,-6.51,2.21,-11.65,-6.20,1.98,-11.19,-6.15,1.01,-11.03,-5.04,2.05,-10.32,-4.03,3.06,-9.15,-1.87,1.76,-4.99,3.90,3.20,-2.88,12.07,-0.53,-0.85,19.23,-10.68,3.96,22.50,-5.68,5.88,19.21,4.46,16.81,13.38,-0.73,21.72,4.21,3.11,1.76,3.47,7.58,3.09,5.38,1.69,2.66,9.14,-2.99,0.28,8.97,1.65,-8.96,10.48,-0.89,-2.67,11.10,-1.20,-4.60,10.56,-0.22,-7.46,10.81,-0.34,-5.32,10.63,-1.03,-3.78,10.94,-1.39,-6.30,10.76,-0.34,-4.77
12.17,-0.98,-8.43,17.14,-7.71,1.09,17.65,-6.24,6.54,15.98,8.57,16.77,12.65,5.34,25.91,13.32,-11.26,15.50,2.00,4.22,-15.22,11.35,4.90,-4.46,11.11,6.11,2.79,11.17,0.90,-6.12,9.50,-0.48,-8.68,12.36,-0.53,-2.74,11.26,-0.54,-10.06,10.97,-1.24,-6.80,12.82,-1.87,-3.01,11.34,0.35,-9.26,11.29,-0.05,-7.43,11.88,-0.54,-5.71,11.41,-0.17,-7.73,11.58,-0.03,-7.34,10.60,0.22,-7.87,11.31,0.07,-7.26,11.38,-0.88,-6.75,11.01,1.31,-7.76,11.44,-0.35,-6.85,12.18,-1.37,-6.89,11.77,1.58,-7.78,11.65,-0.23,-6.24,11.27,-0.53,-6.51,11.37,0.33,-7.13,11.05,1.06,-8.11,11.11,0.21,-6.96,11.62,-0.37,-5.89,11.25,0.87,-7.55,11.82,0.41,-6.80,11.49,-0.01,-6.67,11.56,0.03,-6.35,11.67,0.79,-6.81,10.86,-0.27,-7.67,11.38,0.29,-6.28,11.14,0.85,-7.04,11.42,-0.46,-6.49,11.31,0.89,-6.81,11.27,0.18,-7.15,11.46,0.47,-6.04
11.78,-2.81,-9.69,11.62,-1.88,-10.27,11.24,-2.44,-12.80,11.28,-2.19,-11.16,11.37,-1.44,-10.17,11.58,-1.80,-10.75,11.89,-2.21,-11.59,11.48,-2.27,-10.52,11.52,-1.89,-9.89,11.06,-1.07,-12.15,11.60,-2.28,-10.62,11.67,-1.87,-10.57,11.49,-2.21,-11.05,11.31,-2.24,-10.64,11.33,-1.25,-11.18,11.53,-1.83,-11.17,11.49,-2.30,-10.20,11.37,-1.95,-10.90,11.21,-1.56,-11.59,11.28,-1.64,-10.89,11.51,-2.38,-10.18,11.36,-1.70,-10.70,11.66,-2.13,-10.76,11.44,-1.40,-11.29,11.74,-2.77,-10.72,11.65,-1.37,-10.86,11.43,-1.81,-10.92,11.43,-2.11,-10.39,11.22,-2.07,-11.61,11.40,-1.65,-10.43,11.67,-1.75,-9.97,11.55,-2.09,-11.02,11.47,-2.06,-11.59,11.77,-2.04,-10.13,11.43,-1.63,-10.58,11.48,-1.95,-9.72,11.71,-1.74,-8.44,11.47,-1.41,-9.57,11.74,-1.88,-8.96,11.25,-1.95,-10.63,11.08,-1.89,-9.66,11.21,-1.90,-8.55,11.36,-2.06,-7.53,11.16,-1.60,-7.30,11.04,-1.37,-7.23
11.90,-1.55,-6.91,11.68,-0.73,-7.69,10.84,-0.97,-9.64,11.67,-1.40,-7.52,11.67,-0.61,-8.31,11.51,-1.14,-9.20,11.87,-1.39,-8.58,12.22,-0.49,-8.20,12.08,-1.37,-8.52,11.87,-1.25,-8.60,11.87,-0.93,-7.60,11.46,-1.40,-8.57,11.35,-0.49,-8.64,11.46,-0.51,-7.55,11.38,-1.25,-8.30,11.73,-1.64,-8.41,11.55,-0.74,-8.73,11.58,-1.32,-7.63,11.43,-0.47,-8.03,11.39,-0.80,-7.90,11.87,-1.40,-6.71,11.67,-0.04,-6.46,11.37,-0.10,-5.66,11.77,-1.25,-5.90,10.57,-0.04,-7.03,9.96,-0.43,-3.80,10.63,-0.87,0.31,11.09,0.18,-0.95,9.62,0.35,-2.20,8.24,-1.95,-1.29,7.11,-4.59,-1.48,4.74,-1.91,-1.64,2.21,-1.96,-1.06,0.74,-3.40,-0.17,1.19,-3.40,-0.40,-1.92,-1.86,-0.77,-2.70,-2.35,-1.82,-3.12,-2.74,-2.43,-4.59,-2.33,-3.22,-5.17,-1.40,-4.87,-6.01,-2.15,-5.57,-6.59,-1.43,-7.08,-7.28,-0.85,-7.12,-7.63,0.63,-7.44,-8.39,-0.44,-8.05
10.78,-0.39,-14.09,11.14,-1.94,-10.97,11.22,-1.42,-12.60,10.61,0.82,-15.49,11.14,-2.15,-11.58,11.16,-1.02,-12.81,11.37,-0.44,-12.91,11.06,-1.62,-12.69,11.36,-1.20,-12.34,11.23,-0.45,-13.50,11.02,-1.43,-12.47,11.35,-0.80,-11.65,11.28,-0.68,-12.85,11.25,-1.23,-12.88,11.43,-1.15,-12.28,11.23,-0.40,-12.41,11.41,-1.36,-12.75,11.31,-1.50,-12.57,11.58,-0.85,-11.48,11.20,-0.71,-12.32,11.16,-1.43,-12.50,11.47,-0.83,-12.49,11.31,-1.40,-11.82,11.31,-0.96,-11.92,11.38,-0.47,-12.05,10.95,-1.04,-11.53,11.37,-1.85,-10.50,11.75,-0.61,-9.71,12.32,-1.57,-7.41,12.83,-1.66,-4.89,13.92,-2.40,-3.07,12.60,-0.62,-2.54,12.81,-2.83,0.52,11.45,-2.85,0.10,12.30,-5.17,0.45,9.13,-0.05,-1.41,6.69,-1.73,-1.11,4.02,-5.35,-1.51,2.75,-3.40,-3.43,-0.25,-2.81,-3.70,-1.92,-6.00,-4.63,-2.72,-4.37,-5.58,-5.41,-2.60,-6.62,-5.82,-2.66,-7.07,-3.89,0.14,-7.31
22.69,4.69,23.59,19.61,2.04,30.44,11.09,-5.15,5.35,11.55,-12.06,-2.87,11.43,-2.60,-1.75,10.43,1.14,-2.32,11.56,1.12,-4.14,11.17,1.47,-6.80,10.25,-0.70,-8.48,10.76,1.53,-3.37,10.47,0.98,-5.19,10.40,0.36,-6.22,10.94,-0.63,-3.43,11.31,1.29,-6.07,10.73,0.35,-7.10,11.17,-0.50,-3.33,10.60,2.13,-5.72,10.27,0.58,-6.64,10.75,0.14,-5.22,10.81,0.79,-6.22,11.01,0.39,-5.55,10.82,0.43,-5.65,11.25,0.47,-5.57,10.88,0.40,-5.13,10.98,0.02,-4.74,10.70,1.56,-5.81,10.65,-0.18,-5.44,10.82,0.73,-6.19,10.86,0.36,-5.34,10.51,0.38,-5.56,10.49,0.66,-5.02,10.34,0.32,-3.53,10.49,0.70,-2.84,10.22,0.73,-2.20,9.63,1.30,-0.79,9.71,0.12,-0.12,9.29,-0.30,-1.27,7.56,0.29,-1.13,5.08,-0.20,-0.91,3.08,-1.71,1.86,2.80,-0.58,2.96,-0.35,0.54,2.57,0.17,-0.69,3.97,-0.76,-1.00,0.98,-2.47,-0.92,-1.10
-9.08,4.95,-6.75,-9.09,5.63,-7.16,-8.91,5.68,-7.24,-9.22,4.67,-8.36,-9.44,3.62,-9.73,-9.15,4.56,-11.96,-8.79,3.84,-12.81,-7.20,3.97,-13.39,-5.47,3.92,-13.25,-3.73,2.59,-11.58,-1.80,-2.34,-10.42,4.58,-1.08,-16.80,22.93,-2.14,-18.08,40.80,-3.14,-9.53,40.25,-11.37,-2.69,26.67,1.11,1.82,27.86,6.13,8.92,28.59,2.28,23.42,13.16,-2.08,-1.19,10.70,-4.01,-9.10,12.40,0.08,-5.76,13.43,4.07,-8.94,12.34,1.45,-9.53,12.91,0.55,-5.31,11.58,0.23,-11.95,10.16,-0.95,-11.59,12.31,-0.25,-7.11,11.43,0.96,-9.38,10.96,0.41,-10.00,12.20,-0.45,-7.54,11.64,1.19,-9.33,11.21,0.38,-10.26,11.70,-0.27,-8.43,12.14,0.55,-9.29,11.31,0.63,-9.81,12.12,0.73,-7.39,12.08,0.31,-8.33,11.45,0.12,-9.25,11.84,0.55,-8.22,11.97,-0.15,-8.16,11.74,0.65,-9.11,11.63,0.65,-8.66,11.73,-0.30,-8.28,11.57,0.22,-8.32,11.62,0.78,-8.09
-8.35,0.65,-12.86,-7.96,0.93,-15.10,-7.54,2.62,-15.28,-4.83,2.73,-11.99,0.16,1.26,-9.27,8.55,-0.21,-10.59,20.82,2.34,-5.34,30.36,-2.60,-11.80,36.02,-1.70,-5.61,29.20,3.34,9.40,18.41,5.05,0.90,17.46,2.89,7.64,12.27,1.42,1.93,9.73,1.04,-8.72,8.92,4.03,-8.86,10.86,5.00,-8.77,11.32,2.55,-11.24,13.09,0.37,-8.91,13.09,1.58,-8.57,12.08,1.75,-10.85,11.80,0.45,-10.37,11.80,2.07,-8.66,11.72,3.18,-8.29,10.53,2.60,-9.95,10.69,2.34,-9.59,10.66,2.71,-8.71,10.90,2.68,-9.34,11.81,2.21,-8.79,11.88,2.55,-8.54,12.76,1.93,-8.27,12.20,2.03,-8.86,12.61,0.51,-7.63,12.84,1.65,-6.27,13.37,1.55,-2.76,13.49,1.73,-2.10,12.71,3.31,-1.47,14.38,1.31,0.48,12.85,2.43,0.86,11.07,1.81,-0.76,8.08,2.60,-3.38,5.31,2.85,-4.22,1.72,0.57,-4.41,-0.61,-1.07,-5.27,-1.54,-2.82,-6.57,-3.88,-1.10,-7.98
10.03,5.74,-14.21,41.42,-0.22,-13.08,40.25,-35.69,1.84,18.31,32.88,9.06,17.55,25.58,18.21,19.69,-11.61,15.52,13.72,-6.26,3.32,12.59,3.66,-6.31,13.89,-1.34,0.70,12.87,0.51,-5.95,10.25,3.00,-13.14,11.92,0.03,-7.44,11.70,0.45,-8.09,10.73,1.37,-8.94,10.61,2.19,-7.76,11.21,0.96,-7.31,11.91,0.12,-9.48,11.77,-0.32,-9.78,11.23,0.16,-7.62,11.17,2.15,-7.62,11.42,-0.18,-8.92,11.75,-0.60,-8.70,12.03,0.98,-8.15,11.56,0.28,-8.37,11.80,-0.00,-8.25,11.26,1.39,-8.69,11.83,-0.44,-6.72,11.75,0.33,-7.39,11.30,-0.06,-8.40,11.14,-0.07,-8.48,11.25,0.32,-8.54,11.51,-0.11,-8.16,11.60,-0.13,-8.00,11.57,0.57,-8.08,11.99,-0.32,-7.02,12.12,1.09,-6.44,11.78,0.89,-7.56,11.39,-0.53,-8.65,11.70,0.03,-7.76,11.81,0.52,-7.09,11.72,-0.54,-7.61,11.12,0.56,-8.82,11.43,0.02,-7.50,11.71,0.05,-6.89,11.23,0.86,-7.55
11.26,-1.27,-7.89,12.00,-0.97,-6.39,11.56,-0.62,-6.80,11.55,-0.93,-7.26,11.18,0.89,-7.27,11.65,-1.18,-6.22,11.89,-0.66,-7.60,11.43,-0.49,-7.84,11.58,-0.65,-6.31,11.52,-0.55,-5.83,11.07,0.45,-5.55,11.12,-0.41,-4.24,10.17,0.78,-3.68,10.35,-0.29,-0.77,10.65,-0.91,-0.33,10.51,-0.24,-1.33,8.84,-0.40,-1.15,5.71,-0.71,-0.94,3.59,-2.49,0.93,1.50,-2.42,0.53,0.54,-0.88,0.91,-1.09,-0.33,0.07,-2.57,-2.77,-1.11,-3.72,-2.69,-2.40,-4.24,-1.16,-3.31,-5.69,-1.39,-4.99,-6.74,-1.21,-4.46,-6.91,-1.28,-5.81,-7.02,-1.09,-8.05,-7.53,-0.16,-9.43,-7.30,0.69,-8.63,-7.20,0.45,-9.35,-7.50,-0.26,-10.20,-7.31,-0.74,-9.96,-6.91,0.11,-10.56,-6.47,0.15,-10.04,-5.79,-1.46,-9.56,-4.44,-1.34,-11.17,-3.31,-0.66,-11.35,2.22,0.26,-9.62,15.22,2.79,-11.93,42.17,-6.00,-19.45,50.24,-10.18,-2.74,35.44,18.59,24.26,32.59,-0.43,34.40
12.05,-0.48,-8.78,12.96,2.13,-6.25,11.60,0.02,-9.39,11.58,0.28,-10.16,11.85,0.37,-8.15,11.39,0.97,-8.66,11.71,0.39,-9.75,11.86,0.65,-8.22,11.63,1.16,-9.34,11.56,0.79,-8.09,11.36,0.96,-8.96,11.73,-0.17,-8.88,11.95,1.22,-8.33,11.52,1.33,-8.60,11.60,0.17,-8.57,12.12,0.37,-7.63,11.69,1.91,-7.93,11.56,0.95,-8.02,11.81,0.00,-8.06,12.50,0.49,-6.81,12.30,0.79,-4.81,12.04,0.43,-2.84,11.63,-0.26,-2.77,10.86,-0.15,-2.29,9.14,0.94,-2.46,7.53,1.18,0.07,8.78,-1.63,1.93,6.73,1.05,-0.31,3.27,1.86,-0.67,2.02,-1.13,-0.10,0.46,-1.38,-1.05,-2.40,-0.34,-2.00,-3.46,-1.98,-3.48,-5.55,-2.83,-5.53,-6.68,-3.29,-6.62,-7.96,-2.74,-7.24,-8.31,-2.54,-8.18,-8.06,-0.99,-8.96,-7.92,-0.07,-9.24,-7.80,-1.25,-8.37,-7.13,-0.64,-8.54,-6.44,-0.21,-8.75,-6.05,-0.23,-8.48,-5.57,-1.68,-8.47,-4.64,-2.45,-8.81
8.25,2.74,-12.05,24.82,1.33,-15.81,53.28,-10.97,-11.92,47.13,6.61,4.38,39.33,14.48,33.91,31.24,-17.89,28.33,10.65,-16.59,-2.92,3.24,9.97,-15.23,8.72,0.42,-5.20,13.94,1.94,-5.11,12.21,2.95,-11.83,12.26,0.05,-8.85,11.71,0.91,-10.60,10.43,3.14,-10.34,12.02,0.40,-6.39,11.88,2.20,-8.76,12.48,-0.57,-8.57,12.45,-0.59,-9.56,11.30,1.85,-10.16,11.43,0.35,-8.37,10.96,0.96,-9.14,11.22,0.48,-8.81,11.38,0.41,-8.51,11.85,1.12,-8.37,11.78,0.04,-9.68,12.15,-0.65,-8.41,11.69,1.60,-9.48,11.23,0.14,-8.98,11.57,0.14,-8.26,11.30,1.73,-8.66,11.82,-0.42,-8.50,12.07,0.89,-8.74,11.97,0.02,-7.82,11.89,0.28,-8.18,11.64,0.31,-7.87,11.86,-1.03,-6.46,11.94,-1.34,-5.58,11.83,-0.85,-6.05,10.43,1.48,-6.89,10.36,0.38,-5.04,10.84,-1.75,-3.11,10.37,-1.80,-2.57,9.27,-1.16,-1.57,9.19,-2.42,-0.35,8.58,-2.00,-0.03
-6.62,3.07,-10.69,-5.98,2.09,-8.38,-5.60,-0.85,-7.78,-4.86,-1.58,-6.90,-4.88,-1.16,-6.71,-4.49,-2.91,-6.59,-3.41,-2.97,-6.51,-0.44,-0.94,-7.11,5.43,2.21,-12.14,23.31,-3.93,-10.59,47.74,-15.94,-7.82,43.92,2.45,-7.63,40.29,23.27,44.21,34.90,-16.10,64.33,8.10,-19.11,-0.32,3.40,3.11,-16.37,9.83,-8.43,-2.79,8.67,5.21,-10.53,12.26,0.98,-2.07,11.67,-0.88,-8.24,10.47,0.94,-8.60,11.39,1.03,-4.80,10.39,0.54,-8.22,11.29,0.63,-5.15,11.49,-0.81,-6.15,11.45,-0.21,-6.97,11.25,-0.04,-6.62,11.42,0.34,-6.55,11.43,-0.40,-7.25,11.17,0.52,-7.81,11.83,0.23,-5.91,11.13,1.04,-7.08,11.80,-1.20,-7.38,11.21,0.26,-7.81,11.34,0.83,-6.18,11.01,0.66,-8.41,11.79,-0.16,-5.16,11.48,-0.12,-6.43,11.37,0.98,-8.23,11.55,-0.30,-6.44,11.26,0.90,-7.75,11.94,-0.11,-6.65,11.27,0.52,-8.12,11.26,0.57,-6.66,11.69,0.34,-6.21
6.99,3.69,-12.70,25.88,-2.89,-16.07,49.51,-6.83,-15.01,51.10,-1.77,31.64,25.52,11.52,30.91,14.22,1.62,18.50,10.05,-12.21,1.35,7.71,3.79,-2.91,14.61,-2.88,3.80,9.92,0.92,-9.30,10.85,0.81,-5.49,12.05,0.68,-7.97,9.39,0.57,-9.73,12.18,1.62,-3.07,11.49,0.86,-8.05,10.40,-0.46,-10.44,12.70,-0.36,-5.93,11.64,0.89,-8.10,11.33,0.11,-7.30,10.98,1.02,-7.49,11.60,0.40,-7.85,11.68,-0.86,-8.24,11.38,1.58,-7.80,11.29,0.57,-7.43,11.85,0.11,-7.97,12.07,-0.11,-7.54,12.06,0.04,-7.18,11.09,0.96,-7.22,10.85,1.24,-8.53,11.34,-0.28,-8.25,12.23,0.36,-6.67,12.04,0.85,-7.47,11.43,-0.51,-7.57,11.27,0.74,-7.51,11.36,0.72,-6.95,11.67,0.27,-6.50,11.77,0.68,-5.95,11.10,0.51,-6.44,10.80,0.28,-5.76,10.89,0.29,-4.35,10.92,0.81,-3.87,10.38,0.72,-2.49,10.64,-0.41,-1.81,9.04,0.73,-1.92,8.93,-0.37,-0.34
11.68,-0.59,-7.82,11.78,-0.71,-7.80,11.75,-0.37,-8.17,11.60,0.01,-7.82,11.75,-0.59,-7.78,11.82,-0.17,-8.33,11.90,-0.60,-7.98,11.97,-0.70,-7.74,11.90,-0.29,-8.09,11.65,-0.11,-8.34,11.65,-0.66,-8.15,11.29,-0.34,-8.28,11.41,-0.27,-7.78,11.43,-0.72,-7.85,11.12,-0.22,-7.43,11.16,-0.25,-5.34,11.25,1.24,-3.37,11.47,1.55,-0.90,11.94,-0.65,0.42,12.11,-1.90,1.67,12.47,-0.51,0.76,9.64,1.07,0.42,8.81,-2.77,0.34,6.86,-3.63,-1.23,4.66,-1.62,-1.98,2.59,-3.35,-1.04,1.19,-6.59,-0.74,0.14,-3.74,-3.49,-2.74,-1.42,-4.50,-3.90,-2.46,-5.12,-5.09,-2.10,-6.25,-6.41,-1.04,-6.23,-6.51,-1.72,-5.54,-6.79,-1.18,-6.80,-6.07,-2.26,-7.22,-5.06,-1.93,-7.47,-4.11,-0.78,-9.48,-2.38,-0.71,-10.98,2.28,-0.72,-8.50,14.24,1.33,-10.80,41.43,-3.41,-17.04,56.63,-14.46,-10.16,36.75,17.67,9.67,44.41,3.91,49.81,22.01,-7.97,15.20
33.69,-2.43,5.94,23.08,8.78,2.95,37.76,0.32,33.85,19.10,-1.50,27.72,3.03,-5.78,-9.28,6.05,-1.64,-7.14,12.15,-0.38,-4.33,11.82,0.88,-9.21,13.21,1.15,-6.85,13.08,0.99,-8.44,11.16,-2.49,-10.67,12.52,-0.05,-6.89,12.17,0.41,-7.14,12.33,-1.27,-8.44,12.20,-1.33,-7.66,11.31,0.41,-8.04,11.14,-0.82,-9.76,12.10,-1.38,-7.98,11.06,-0.38,-7.56,10.71,1.01,-8.60,11.54,-1.69,-7.43,11.31,-0.03,-8.10,11.26,-0.70,-7.40,11.98,-1.21,-6.26,11.45,0.12,-8.07,11.23,-1.30,-8.47,11.16,-0.95,-7.97,11.65,-0.48,-7.14,11.14,0.73,-7.96,11.17,-1.12,-7.71,11.62,0.01,-7.37,11.99,-1.03,-6.82,11.79,-0.30,-7.36,12.05,-1.04,-6.76,11.08,-0.45,-7.41,10.64,0.08,-7.59,11.36,-0.90,-6.26,11.07,-1.58,-5.90,11.84,-1.04,-4.34,11.22,1.71,-3.22,11.02,0.13,-2.48,10.22,-0.24,-2.88,9.04,-0.90,-3.67,5.97,1.89,-2.77,6.00,0.28,0.95
-8.52,0.50,-10.96,-8.11,0.63,-7.66,-7.99,1.33,-4.87,-8.92,0.53,-5.61,-8.99,0.82,-6.22,-7.84,0.62,-5.80,-7.97,1.07,-7.36,-7.71,1.04,-8.19,-7.24,0.07,-7.91,-6.72,0.41,-7.85,-7.14,0.83,-8.77,-7.05,-0.51,-8.35,-7.10,-0.17,-8.78,-7.50,0.57,-9.97,-7.82,-0.45,-10.05,-7.98,-0.70,-9.41,-7.57,0.29,-9.18,-6.04,1.92,-8.73,-3.73,3.86,-11.25,5.68,1.00,-11.89,25.93,-7.56,-6.35,40.05,-17.88,-12.99,38.68,-0.16,4.70,25.11,15.62,24.49,22.72,-10.47,37.16,4.48,-6.11,1.68,0.20,4.83,-20.89,17.44,-2.27,10.73,15.87,1.17,-1.84,11.77,2.54,-13.26,13.81,-1.99,-7.15,12.41,1.19,-9.87,10.56,0.57,-12.07,11.96,-0.19,-7.04,12.03,1.70,-6.31,12.73,-0.10,-6.72,11.16,0.01,-11.24,11.77,0.26,-8.81,11.71,1.11,-7.21,11.24,1.42,-8.84,11.67,-0.19,-8.37,11.93,0.42,-7.47,11.45,0.38,-8.80,11.22,-0.40,-9.59,12.37,-0.82,-8.00
11.11,-0.39,-8.80,11.79,-1.27,-8.11,11.94,-0.50,-8.38,11.93,-0.56,-8.04,12.40,-1.88,-7.50,11.91,0.22,-8.01,11.88,-0.72,-7.17,11.62,-1.30,-7.19,11.43,-1.35,-6.96,10.89,-0.07,-7.76,11.57,-1.59,-6.68,11.40,-1.62,-6.83,11.03,-0.63,-7.54,10.88,-1.26,-7.27,10.94,-2.00,-6.61,10.69,-0.64,-6.99,11.04,-1.38,-7.01,11.57,-2.20,-6.28,11.03,-0.67,-6.92,10.91,-1.59,-6.94,10.95,-2.21,-6.90,11.23,-2.12,-7.00,11.53,-2.03,-6.08,11.44,-1.38,-6.11,11.02,-1.48,-6.93,10.78,-1.63,-7.19,10.90,-2.43,-7.39,10.89,-1.47,-7.29,11.04,-2.64,-6.60,11.14,-2.42,-6.45,10.73,-1.53,-4.60,11.56,-1.75,-1.35,11.52,-1.71,-2.37,10.22,-0.76,-1.96,10.35,-3.00,0.64,9.33,-4.04,2.50,6.74,-3.67,-0.16,3.22,-0.68,-0.12,4.05,-2.58,3.64,5.09,-4.77,1.17,4.01,-7.57,-3.68,1.79,-8.57,-6.51,-1.46,-6.72,-6.41,-2.91,-7.16,-7.41,-5.40,-1.70,-8.09
-9.05,2.92,-8.78,-9.43,2.66,-8.92,-8.95,3.55,-8.60,-10.16,5.30,-10.00,-9.56,1.76,-8.35,-9.29,1.92,-9.52,-9.02,3.31,-10.02,-8.60,1.92,-9.82,-8.33,0.98,-9.85,-7.81,2.50,-10.08,-7.38,2.37,-11.22,-6.72,0.32,-10.37,-6.35,0.58,-10.58,-6.33,1.20,-10.55,-6.08,0.04,-10.25,-6.58,-0.87,-10.59,-6.86,-1.19,-10.77,-7.61,0.44,-10.53,-7.91,-0.17,-9.47,-8.10,-0.62,-9.98,-8.02,0.53,-9.39,-8.04,0.21,-8.81,-8.03,0.29,-8.83,-6.75,1.04,-8.59,-6.02,-0.13,-7.52,-3.16,-1.62,-6.88,0.77,1.71,-7.79,11.21,2.96,-12.48,35.24,-10.86,-13.41,36.15,-2.51,-10.80,27.33,37.56,8.84,33.88,13.29,56.77,10.26,-9.55,12.84,5.68,4.59,-1.04,6.35,4.32,4.36,7.74,2.84,-3.66,9.39,4.26,-0.64,10.68,3.22,-5.72,8.96,3.05,-5.14,10.60,4.07,0.42,8.44,5.26,-8.49,9.07,1.45,-3.12,9.79,2.94,-2.26,9.12,3.80,-3.82,9.71,1.61,-3.63
3.48,3.99,-15.61,16.89,1.01,-18.95,33.67,-21.07,-11.29,30.61,15.08,-21.83,45.02,26.34,12.39,43.36,-21.27,43.21,5.01,0.65,-16.46,18.60,-3.31,11.73,12.63,1.54,-5.77,11.73,5.19,-1.63,11.65,2.51,-4.50,11.43,0.54,-11.50,10.51,2.04,-6.12,11.43,3.22,-0.83,9.28,1.86,-8.45,10.81,1.70,-3.38,10.90,2.05,-4.88,10.39,2.05,-6.38,10.75,2.16,-4.73,10.28,2.74,-5.25,10.50,2.37,-4.16,10.41,2.17,-6.18,10.02,1.61,-6.51,10.20,2.40,-5.23,10.54,2.35,-4.20,10.74,2.26,-4.89,10.38,2.09,-5.40,10.58,1.81,-4.44,10.96,1.75,-3.22,11.24,1.82,-2.63,10.20,1.51,-1.94,9.65,0.91,-0.68,10.12,3.38,0.44,9.04,5.55,2.02,8.18,3.36,2.94,7.06,1.60,1.12,3.86,2.97,-0.83,1.42,3.18,-0.36,0.29,2.32,0.35,-0.76,3.20,-0.67,-1.73,2.66,-1.97,-2.33,1.63,-2.46,-3.56,0.43,-3.87,-4.60,1.90,-4.45,-5.75,2.49,-4.62
6.98,1.76,-16.79,23.06,3.97,-23.51,50.57,-13.77,-8.77,40.47,13.23,-6.04,39.98,16.45,46.39,17.33,-6.05,27.88,10.07,-2.27,13.27,10.22,-1.16,1.85,9.90,0.62,-0.37,11.83,0.92,0.17,9.21,5.32,-6.58,9.80,2.77,-3.09,9.76,2.97,-3.68,8.99,3.74,-7.72,10.28,1.30,-1.52,10.14,2.16,-3.37,9.27,2.69,-5.72,9.31,2.55,-3.03,9.54,2.86,-3.77,9.33,2.42,-4.93,9.46,2.79,-4.81,9.92,2.62,-3.46,9.68,2.46,-3.44,9.42,2.51,-4.65,9.77,2.37,-3.61,9.65,2.50,-2.59,9.60,2.97,-1.36,9.51,2.33,0.41,9.43,2.62,1.61,8.48,4.12,2.07,6.56,4.70,3.18,5.48,2.50,4.69,3.32,3.54,2.81,2.61,4.40,3.37,1.49,1.86,1.41,1.06,0.63,1.25,0.81,1.46,-1.02,-1.66,1.62,-2.83,-1.90,-2.73,-3.27,-2.71,0.37,-5.86,-4.47,-0.88,-4.89,-5.60,-2.26,-5.62,-4.61,-0.90,-4.87,-5.17,-1.41,-6.14,-4.92,-2.94,-6.56
15.11,0.38,-11.45,34.61,2.92,-23.25,41.02,2.35,-7.83,17.11,44.19,33.21,13.71,-0.53,65.79,4.94,-7.34,19.02,3.38,9.40,-2.21,6.75,2.60,1.72,8.14,3.80,-2.85,7.93,4.47,-1.96,7.78,4.19,-2.20,8.23,3.51,-4.94,8.74,3.46,-4.18,8.44,2.71,-3.07,8.96,2.47,-1.94,8.69,3.06,-3.68,9.00,2.56,-2.89,8.67,3.03,-4.04,8.54,3.72,-3.40,8.82,3.03,-3.81,8.38,3.23,-4.48,8.80,2.85,-2.69,9.07,3.88,-3.79,9.09,3.71,-4.15,9.08,3.15,-3.85,9.04,3.39,-3.66,9.04,3.34,-4.04,9.01,3.75,-3.47,9.19,3.02,-2.85,9.14,3.37,-4.00,8.81,3.45,-3.57,8.74,3.20,-1.80,7.92,3.72,-1.24,7.19,4.32,-0.58,6.24,5.55,2.43,4.85,5.56,3.43,3.21,6.30,4.65,2.42,5.55,8.63,1.19,5.51,8.10,0.94,7.74,4.74,-1.38,6.13,0.04,-2.27,4.56,-2.74,-0.68,3.19,-2.07,-0.96,5.74,-3.90,-0.82,3.06,-5.91
-8.25,1.93,-10.17,-8.15,1.44,-10.06,-7.89,1.43,-9.78,-7.96,0.83,-9.17,-7.98,0.76,-8.54,-7.52,0.89,-7.75,-7.69,0.06,-7.27,-7.29,1.47,-8.69,-6.77,1.91,-9.81,-6.64,-0.21,-9.79,-6.48,0.49,-9.79,-6.23,0.55,-9.31,-6.73,0.14,-9.49,-7.02,0.09,-9.25,-7.10,1.05,-8.35,-7.54,1.58,-8.62,-7.86,0.87,-9.04,-7.94,1.26,-9.97,-7.86,2.28,-10.65,-7.98,1.07,-9.40,-7.93,1.31,-10.24,-7.85,1.20,-10.56,-7.60,1.43,-10.25,-7.37,1.25,-9.90,-7.58,1.65,-9.34,-7.50,1.59,-9.49,-7.44,1.93,-9.32,-7.41,1.24,-9.34,-6.99,0.69,-9.51,-6.62,1.32,-8.98,-6.44,1.52,-7.80,-6.09,2.13,-7.22,-5.97,3.08,-7.19,-6.36,3.91,-7.67,-6.90,3.98,-8.30,-7.10,3.46,-8.61,-6.95,3.64,-8.63,-6.74,3.66,-8.01,-6.79,2.66,-6.68,-6.64,3.92,-5.95,-6.10,6.67,-6.36,-6.04,6.65,-4.33,-6.33,5.27,-3.11,-6.10,4.92,-2.06,-6.95,3.77,-0.43
9.17,3.23,8.02,9.19,0.92,3.09,5.31,2.29,-1.93,-0.46,5.10,-2.21,-2.99,4.63,1.95,-2.42,1.13,2.38,-5.00,3.64,-2.33,-7.26,6.01,-4.49,-6.35,3.91,-5.34,-4.84,4.12,-8.18,-3.85,7.46,-10.76,-4.55,3.29,-10.73,-5.04,-0.75,-12.18,-5.73,-1.33,-12.76,-5.96,0.30,-13.35,-5.85,1.23,-13.67,-6.51,2.03,-13.52,-5.94,2.87,-11.12,-5.22,4.09,-9.17,-5.19,5.06,-6.76,-3.79,2.69,-5.33,-0.60,0.74,-5.56,2.64,3.02,-11.34,12.39,-1.95,-11.77,29.31,-6.18,-11.40,31.55,1.75,-4.81,20.09,6.99,8.84,22.73,13.97,21.49,19.75,16.79,20.76,17.60,7.38,14.48,14.38,-2.38,0.66,10.13,-2.93,-4.40,10.18,2.97,-5.33,9.58,5.54,-7.73,9.63,3.48,-7.21,9.49,3.26,-5.64,9.78,3.26,-5.51,9.08,3.94,-5.81,9.64,3.44,-5.11,10.14,3.75,-4.43,10.29,3.70,-4.50,9.95,2.92,-4.81,10.06,2.21,-3.81,10.31,2.26,-3.52,10.35,2.20,-4.47
12.12,-0.72,-16.37,28.44,-2.32,-23.71,51.01,-25.95,-7.85,41.58,48.36,25.52,30.30,23.60,46.10,10.52,-3.43,19.07,6.78,-2.34,-5.25,7.36,2.84,-5.58,12.78,1.74,1.87,11.49,6.18,-3.05,10.36,4.31,-3.09,10.14,3.21,-4.40,9.45,1.89,-6.09,9.09,2.66,-5.69,10.27,2.94,-3.15,9.45,3.94,-3.01,9.76,2.83,-3.83,9.07,3.56,-4.64,9.05,2.61,-3.48,10.24,2.01,-3.59,9.04,5.08,-4.68,9.11,2.00,-2.37,9.28,3.12,-3.34,8.63,3.16,-3.15,8.60,1.46,-3.50,7.96,2.04,-4.27,9.05,2.03,-3.35,8.72,2.91,-3.59,8.80,1.17,-3.79,8.04,1.78,-5.37,8.04,1.10,-6.34,7.53,2.26,-6.08,8.81,3.14,-2.17,9.86,4.05,0.28,9.65,3.91,0.63,9.77,2.80,0.26,9.55,2.92,-1.37,9.13,2.98,-3.11,8.70,2.64,-3.73,8.56,2.35,-3.10,8.50,2.28,-2.73,7.68,3.28,-3.08,7.71,2.48,-1.94,7.90,2.81,-1.47,7.63,3.46,-2.14
-5.67,-2.36,-11.96,-2.69,-1.65,-11.32,1.65,-1.32,-10.17,11.79,-3.49,-18.89,24.36,-5.46,-20.37,46.58,0.60,-8.77,48.51,17.02,6.23,44.22,-8.67,44.90,18.05,9.17,32.88,9.82,8.43,12.15,6.56,-3.79,4.00,9.00,2.51,1.36,6.81,4.58,-6.02,8.85,1.18,-2.54,10.52,0.20,-2.04,10.69,1.90,-4.63,9.75,2.05,-4.25,9.65,0.58,-4.06,9.88,2.04,-4.62,10.24,2.52,-3.94,10.00,1.98,-4.42,10.26,0.81,-4.73,10.28,1.41,-3.95,9.73,2.89,-4.19,9.87,2.58,-4.34,9.40,0.92,-5.04,9.41,2.72,-4.18,9.89,3.04,-3.42,9.84,1.33,-4.34,9.48,1.95,-4.59,10.16,3.01,-3.34,9.92,2.05,-3.90,9.44,1.67,-5.11,9.64,2.16,-3.56,10.19,2.11,-2.80,9.19,2.85,-4.00,9.07,2.90,-3.54,9.96,2.18,-3.76,8.88,2.45,-4.58,9.08,2.17,-4.05,9.76,2.89,-4.04,9.22,2.39,-3.63,9.21,2.33,-3.00,9.03,3.06,-2.94,8.76,2.89,-2.53
-3.74,-3.89,-14.59,-5.34,-3.72,-16.63,-6.42,-4.99,-16.18,-7.79,-1.58,-11.79,-7.05,-3.07,-7.52,-6.47,-1.63,-8.72,-6.22,-1.74,-11.78,-5.16,-3.90,-10.93,-5.24,-4.39,-11.07,-5.42,-4.29,-10.77,-6.03,-3.88,-11.34,-6.29,-4.15,-11.59,-5.65,-3.73,-11.89,-3.79,-1.00,-10.61,0.45,-0.31,-12.74,6.74,0.37,-21.46,26.98,-1.96,-17.79,41.67,0.88,-1.82,31.37,7.95,22.35,19.79,20.93,29.14,13.53,11.93,20.66,6.86,10.65,15.68,6.56,5.56,5.14,3.83,5.12,-6.11,8.40,3.61,-2.60,8.64,2.32,-4.75,7.17,1.27,-8.07,9.65,2.55,-1.71,9.60,4.05,-1.74,9.50,2.98,-5.02,8.86,2.31,-5.43,9.93,2.95,-3.43,9.71,3.14,-3.52,9.83,3.02,-3.15,9.33,3.07,-4.48,9.57,2.51,-4.26,9.33,2.58,-3.69,9.22,3.48,-3.90,9.10,2.80,-4.17,9.27,2.30,-4.20,8.85,3.01,-4.44,9.44,1.99,-3.99,9.22,2.12,-4.22,9.58,2.51,-3.72,9.54,3.95,-2.82
2.09,4.16,-19.09,15.53,6.85,-22.77,44.13,-16.67,-15.92,41.12,-0.17,-3.17,34.45,10.51,19.49,22.47,0.15,19.24,16.79,-3.63,8.56,15.47,-2.64,-2.59,12.50,-5.12,-7.51,13.24,1.85,-2.78,14.25,6.01,-3.79,11.25,2.18,-9.99,10.61,0.85,-9.50,10.80,2.98,-10.43,11.29,3.17,-7.87,11.43,2.53,-5.99,11.15,2.59,-7.99,10.76,2.57,-8.33,11.11,2.91,-6.57,11.46,1.67,-8.37,11.09,2.61,-7.72,11.09,3.47,-6.58,11.12,2.28,-8.01,10.89,3.09,-7.33,11.92,3.36,-5.76,11.87,2.98,-6.85,11.62,1.83,-6.32,11.09,1.29,-7.68,10.74,2.79,-8.17,10.30,3.80,-7.44,10.55,1.92,-6.56,10.68,2.75,-6.89,10.72,2.57,-6.89,11.10,2.69,-4.50,11.35,3.54,-3.08,10.50,4.07,-4.91,10.09,2.40,-5.46,9.67,2.01,-3.75,9.85,2.84,-2.35,9.06,2.70,-2.80,6.65,2.05,-3.72,5.43,2.42,1.11,7.16,2.28,6.38,6.85,3.32,6.85,6.06,5.10,5.04
-8.97,-2.16,-9.02,-8.89,-1.62,-9.66,-8.34,-0.64,-9.67,-7.94,-2.54,-9.56,-7.37,-2.52,-10.25,-6.77,-2.59,-9.04,-6.24,-2.06,-8.56,-7.28,-2.48,-8.33,-7.77,-2.81,-8.40,-7.59,-1.46,-8.46,-7.74,-1.74,-8.95,-7.93,-2.08,-9.31,-7.58,-2.46,-8.39,-7.53,-2.47,-8.51,-7.59,-1.91,-8.60,-7.54,-2.00,-8.22,-6.24,-1.50,-7.91,0.54,-1.97,-12.99,13.32,4.62,-31.80,52.73,-10.92,-25.52,50.58,-11.14,-10.59,30.83,45.42,10.49,36.67,24.98,39.33,27.12,-10.75,30.73,10.70,-0.29,4.10,13.44,3.25,11.79,8.05,2.33,-3.48,7.56,1.71,-5.81,10.51,3.20,-1.23,9.55,3.68,-5.38,9.04,2.40,-8.26,11.75,0.87,-3.21,10.71,2.98,-3.90,10.78,3.08,-7.13,10.31,2.02,-6.27,11.38,1.36,-4.32,10.23,3.00,-6.34,9.78,1.92,-5.81,9.83,3.13,-5.27,10.19,1.97,-5.37,9.18,3.57,-6.87,10.18,2.13,-4.23,10.43,2.58,-3.69,10.40,3.01,-3.74,10.25,2.41,-5.41
-8.04,-2.21,-9.74,-7.84,-1.36,-10.30,-7.89,-1.07,-10.75,-7.96,-2.05,-9.64,-7.72,-3.58,-9.03,-7.29,-2.43,-9.64,-7.27,-1.68,-10.39,-7.11,-2.48,-9.74,-6.96,-2.79,-9.93,-6.87,-2.42,-10.09,-7.03,-2.28,-10.29,-7.05,-2.09,-10.21,-7.38,-2.27,-9.91,-7.57,-2.18,-10.67,-7.97,-1.87,-10.45,-8.15,-2.85,-9.99,-8.33,-2.13,-10.71,-8.10,-2.06,-10.52,-7.69,-2.01,-9.82,-7.67,-1.97,-9.63,-7.82,-2.02,-9.45,-7.85,-1.59,-9.23,-7.72,-1.45,-9.38,-7.87,-1.29,-10.07,-8.14,-1.50,-10.55,-8.22,-2.02,-10.41,-8.19,-1.53,-9.90,-7.28,-1.47,-8.76,-7.20,-0.71,-8.67,-6.53,-2.64,-6.77,-6.88,-2.72,-7.05,-7.06,-1.43,-8.43,-7.46,-0.36,-9.90,-7.62,-1.14,-10.00,-7.58,-1.21,-10.24,-7.85,-1.07,-10.22,-8.07,-1.64,-9.05,-8.15,-2.11,-8.35,-8.51,-1.75,-8.22,-8.38,-0.29,-8.53,-8.26,-0.23,-8.64,-8.36,-0.80,-8.42,-7.66,-0.56,-8.87,-7.35,-0.26,-9.49,-7.62,-1.96,-9.47
-6.49,-3.60,-10.03,-6.82,-3.06,-10.10,-6.76,-3.60,-9.84,-6.84,-3.50,-10.07,-6.29,-2.87,-9.65,-4.19,-2.52,-9.88,3.54,-2.48,-14.14,16.24,-4.83,-32.04,47.22,-9.19,-19.64,64.54,7.68,-7.43,56.51,28.32,1.85,80.16,-1.86,65.17,26.81,7.24,28.70,-7.35,2.07,-11.96,10.12,-1.08,-0.30,9.85,0.97,-8.37,14.08,0.53,-0.86,11.84,2.16,-4.12,9.61,3.64,-11.04,12.12,0.51,-5.00,11.40,1.13,-5.20,11.34,1.63,-6.68,10.68,3.51,-4.78,10.57,2.79,-5.21,10.97,1.23,-7.61,10.47,2.24,-6.33,11.38,1.53,-4.60,11.24,1.66,-4.91,10.14,2.30,-5.40,10.36,2.77,-5.22,10.92,1.13,-3.61,10.37,1.48,-4.54,9.49,1.75,-5.27,8.98,2.05,-3.10,9.24,3.99,-0.76,7.83,5.26,-0.64,7.30,3.84,2.60,6.69,1.02,5.26,4.68,2.65,5.46,1.97,4.80,7.88,2.08,3.07,5.44,1.18,3.61,3.64,3.12,-0.09,0.02,-0.04,-1.52,-4.53,-0.88,-1.75,-5.65
20.09,-12.39,1.63,12.25,-6.17,-1.22,12.11,5.24,-4.29,9.85,3.75,-9.79,10.35,2.03,-8.02,10.50,5.42,-7.34,11.23,4.53,-8.23,10.26,0.00,-8.55,11.78,2.43,-5.80,11.85,3.48,-5.22,11.68,1.44,-5.09,11.58,2.27,-5.13,11.51,3.24,-4.98,11.11,2.46,-4.58,10.54,1.83,-5.09,9.76,2.36,-5.70,9.19,2.25,-4.53,9.24,0.40,-3.72,8.85,0.16,-4.59,8.25,0.03,-4.36,8.73,-1.26,-3.26,8.58,-1.78,-2.65,9.07,-0.77,-2.32,8.44,-0.21,-2.42,8.47,-1.90,-2.06,8.42,-1.53,-2.01,8.35,-1.23,-1.61,8.31,-0.75,-1.79,8.18,-0.71,-1.58,8.14,-1.60,-1.90,7.09,-0.40,-2.43,7.49,-1.79,-1.03,7.21,-1.76,-1.70,6.87,-2.33,-1.88,7.00,-2.41,-1.84,5.94,-1.41,-2.91,5.35,-2.34,-2.36,5.43,-3.30,-0.95,5.92,-2.62,-0.26,5.69,-1.73,-0.60,5.41,-2.60,-0.66,5.47,-3.67,-0.57,5.01,-2.49,-1.21,4.95,-2.34,-0.58,4.58,-3.45,0.21
-7.48,3.76,-9.77,-7.90,6.03,-11.11,-9.18,7.85,-11.23,-10.54,8.59,-9.73,-11.60,9.36,-7.47,-11.79,10.26,-7.98,-12.53,10.26,-8.62,-11.55,7.40,-8.62,-10.66,5.48,-10.91,-9.08,3.91,-13.68,-6.83,6.73,-13.37,-3.45,3.11,-9.25,-1.75,0.11,-9.53,-1.97,0.96,-10.10,-1.22,-0.97,-9.25,-0.37,-3.05,-7.57,1.20,-2.50,-7.73,6.96,-1.91,-13.11,12.59,-1.03,-25.12,37.41,-15.54,-14.40,43.14,3.54,12.34,20.99,36.83,24.65,20.02,12.26,34.24,14.16,6.04,24.39,3.49,0.65,-3.15,9.50,-5.51,-0.77,9.25,0.87,-1.66,9.11,1.77,-5.56,9.87,1.36,-3.71,10.30,2.56,-2.06,10.63,0.96,-5.46,9.60,0.34,-7.01,9.42,1.30,-4.67,11.00,2.22,-3.61,10.52,3.74,-3.48,10.35,1.87,-2.62,10.45,1.99,-2.35,9.95,3.29,-4.63,8.90,2.97,-3.91,8.81,1.48,-3.80,8.14,1.86,-4.77,7.12,2.51,-4.22,7.27,1.38,-2.01,7.76,3.19,-1.48,7.63,4.81,-1.06
-7.38,3.93,-9.54,-7.30,2.61,-9.78,-7.09,2.10,-9.83,-7.62,2.40,-9.67,-8.34,2.70,-9.04,-9.26,3.63,-9.09,-10.83,4.40,-9.21,-11.52,4.81,-10.00,-12.11,5.14,-11.22,-11.53,4.10,-10.85,-10.19,4.53,-9.96,-8.06,3.08,-9.82,-6.83,3.00,-10.66,-5.31,1.13,-9.26,-3.45,-1.14,-8.25,-1.78,-1.56,-9.36,0.30,-1.20,-11.15,4.20,-1.05,-14.80,8.12,-0.80,-18.12,25.04,-2.88,-15.01,36.34,-4.71,-7.46,29.77,9.99,13.13,21.98,31.54,24.87,16.36,10.91,17.38,15.15,-2.62,8.15,12.61,-3.60,0.46,12.88,-5.41,0.75,11.13,-2.91,-1.39,10.31,1.43,-3.62,9.59,4.20,-4.73,9.25,5.10,-5.12,8.16,6.07,-7.33,9.79,2.99,-5.22,9.50,0.77,-5.38,9.80,1.92,-4.47,10.41,3.04,-3.11,10.24,2.61,-2.17,9.67,1.79,-3.63,9.34,2.57,-4.26,9.49,2.57,-2.86,9.12,2.67,-2.28,8.82,2.92,-2.95,8.29,2.78,-2.57,7.82,1.92,-1.87,7.86,1.93,-1.90
54.41,31.25,43.73,42.09,1.83,43.15,9.67,-13.38,4.24,2.60,-1.00,-7.85,6.96,8.09,-4.44,11.77,0.10,-5.24,10.68,-0.19,-6.11,12.33,2.75,-3.93,10.83,1.57,-9.88,10.75,1.26,-7.50,10.99,3.15,-6.27,10.85,3.38,-9.31,11.10,0.79,-6.84,11.89,1.92,-4.16,11.12,2.50,-6.79,8.90,1.93,-8.70,10.24,2.10,-5.75,10.63,3.01,-5.60,11.15,3.18,-3.79,10.72,1.79,-4.08,9.69,2.56,-3.85,9.02,2.16,-3.05,8.49,2.05,-2.55,8.20,2.77,-0.57,7.82,1.29,0.08,6.17,1.79,0.42,5.12,3.04,1.19,4.53,2.11,3.12,4.33,0.39,3.74,1.06,1.94,1.88,-1.13,2.21,1.87,-2.05,1.84,0.85,-4.76,3.32,-1.55,-5.29,2.84,-2.06,-5.14,1.12,-3.03,-5.30,1.03,-4.45,-5.69,-0.06,-5.00,-5.67,-0.61,-6.26,-5.85,0.13,-6.89,-5.91,-1.32,-7.44,-5.59,-1.97,-8.33,-5.73,0.64,-9.31,-5.88,0.37,-8.92,-6.28,-1.28,-8.92,-6.59,-1.60,-9.54
13.19,3.93,-29.63,46.52,-13.50,-17.05,42.49,4.81,-6.23,39.43,16.20,3.24,44.24,7.22,26.98,26.60,-0.13,15.14,15.85,-10.74,2.81,10.96,0.21,-2.16,10.89,3.80,-5.15,11.69,1.58,-5.83,10.81,3.54,-7.04,10.64,0.97,-11.18,11.19,1.06,-9.66,12.30,2.77,-6.05,12.08,1.83,-8.39,10.81,2.00,-8.14,11.83,2.57,-6.36,10.61,1.48,-9.81,11.44,1.70,-7.15,11.90,2.22,-6.68,10.67,1.36,-8.92,11.56,1.87,-7.07,11.41,2.32,-7.73,10.80,1.66,-8.25,11.23,1.99,-8.12,11.29,1.71,-6.74,11.34,2.46,-5.83,11.66,2.01,-5.88,10.72,1.60,-8.38,11.71,1.30,-6.86,11.25,2.21,-6.80,10.37,0.81,-8.90,11.53,1.37,-6.54,11.92,3.90,-4.54,11.43,2.13,-6.59,10.91,0.45,-8.00,10.93,1.73,-6.38,10.92,2.59,-6.24,10.80,2.50,-7.02,10.64,1.82,-6.82,10.98,1.91,-6.13,11.23,2.66,-6.56,11.05,1.93,-5.86,11.65,1.87,-5.23,11.16,2.47,-6.26
-9.80,7.90,-4.24,-9.32,8.20,-5.44,-6.52,0.87,-3.92,-6.66,-0.91,-7.57,-7.55,3.98,-9.70,-7.34,0.23,-8.59,-6.99,-0.65,-8.75,-5.07,2.54,-9.35,-5.21,1.53,-10.24,-4.28,-1.59,-10.24,-3.96,-0.96,-11.02,-3.96,0.28,-11.97,-4.80,-2.26,-9.99,-4.08,-3.44,-9.74,-1.52,-0.60,-10.57,7.38,-1.87,-15.31,15.20,0.74,-25.24,44.67,-0.11,-23.71,60.43,-7.39,-3.42,42.04,23.13,30.93,37.23,-1.06,48.56,21.23,-1.52,18.76,0.42,-0.59,-5.44,13.50,-1.79,6.43,10.58,1.89,-2.24,6.93,2.93,-6.81,10.37,2.76,-2.70,9.62,2.24,-5.26,8.58,2.90,-6.46,10.98,1.50,-3.44,10.68,0.85,-5.20,9.43,2.33,-5.39,10.74,0.90,-2.39,10.60,2.31,-4.60,9.30,2.64,-5.69,9.93,1.68,-4.10,10.41,1.12,-4.75,9.93,2.11,-4.77,9.88,1.91,-3.22,9.64,1.59,-4.51,9.53,2.18,-4.26,9.90,1.79,-3.25,9.81,1.37,-4.43,9.48,1.52,-4.50,10.04,1.47,-2.78
-9.67,4.87,-6.54,-11.29,0.57,-6.17,-10.66,-2.83,-9.41,-10.36,1.91,-14.14,-9.25,0.75,-14.59,-6.98,-0.39,-13.01,-3.53,2.95,-10.75,-2.08,6.77,-7.02,1.79,0.92,-2.38,8.03,-2.86,-3.94,8.35,3.10,-14.50,13.61,7.68,-14.99,33.98,-8.75,-7.34,39.08,-1.06,-7.45,28.40,20.83,9.55,41.74,29.01,41.87,30.94,9.43,44.98,10.75,0.72,1.55,1.97,-7.18,-8.68,9.38,2.24,-4.09,7.93,9.78,-8.06,9.94,3.76,-3.23,11.46,1.23,-2.09,9.93,2.80,-7.41,8.78,3.26,-4.98,10.07,3.82,-1.88,10.14,4.91,-4.13,10.28,3.34,-3.48,9.58,1.78,-4.64,9.29,2.51,-4.64,8.90,3.85,-3.10,8.26,3.59,-3.52,8.32,2.93,-3.15,8.62,2.43,-2.65,8.11,3.06,-2.44,8.28,2.56,-2.09,8.30,2.18,-2.49,8.06,1.34,-2.11,7.98,1.02,-1.52,7.72,1.42,-1.44,7.67,0.69,-1.53,7.52,0.90,-1.47,7.38,0.76,-0.88,7.57,0.78,-0.61,6.90,1.41,-1.47
-9.82,3.64,-7.90,-9.36,4.88,-8.42,-9.33,1.45,-8.23,-8.63,2.31,-10.69,-8.53,4.40,-11.18,-7.10,2.56,-9.00,-5.08,0.77,-6.16,-1.66,-1.05,-5.67,1.00,-2.43,-6.93,3.34,-4.68,-7.79,6.61,-5.04,-7.40,14.24,-1.52,-9.34,23.33,1.33,-19.41,40.28,0.35,-26.99,41.35,10.27,-2.23,48.06,27.76,35.18,40.43,9.77,41.95,24.03,-3.07,15.05,9.72,-7.93,-7.04,11.67,-6.22,-4.74,12.99,2.55,-8.26,8.30,7.68,-11.93,11.33,3.02,-4.88,10.48,3.98,-5.78,9.82,2.88,-8.40,10.20,0.29,-7.45,11.81,2.54,-4.66,11.09,4.14,-6.79,10.95,2.84,-6.47,10.29,1.96,-6.03,10.83,2.70,-5.79,10.87,3.33,-5.80,11.26,3.83,-5.60,11.04,3.05,-6.08,10.93,2.03,-4.83,11.01,2.18,-2.83,10.33,3.90,-1.44,10.31,4.29,-1.19,9.18,3.03,-1.42,8.93,1.49,-0.20,7.98,2.28,0.56,6.90,2.56,1.50,6.44,0.21,2.35,6.43,-1.33,1.93,5.04,-0.87,-1.48
8.17,-0.64,-14.44,13.80,1.58,-19.82,36.82,2.12,-25.78,46.07,-18.88,-13.16,36.95,29.42,4.58,49.99,31.64,44.00,36.07,-6.88,29.21,12.00,-14.06,-6.34,15.55,-6.88,-3.36,13.94,3.28,-6.29,10.75,7.54,-7.51,10.79,4.15,-3.95,10.47,5.38,-8.11,9.40,2.70,-8.37,10.75,1.91,-4.36,11.61,2.53,-4.93,10.38,2.37,-7.35,10.96,2.23,-5.15,11.45,2.29,-4.04,10.31,4.09,-6.62,9.94,1.87,-6.27,10.20,3.27,-5.26,9.78,3.56,-5.90,9.92,2.40,-5.70,10.95,2.65,-3.88,11.47,2.07,-3.03,11.00,2.36,-2.88,10.41,2.82,-3.16,9.98,2.14,-2.73,10.16,1.84,-2.21,8.57,3.16,-2.81,8.52,2.68,-1.12,8.06,2.41,-0.44,7.50,1.67,-2.37,6.47,1.76,-2.06,5.61,1.74,-0.80,6.23,0.82,-0.93,5.19,1.12,-1.51,4.64,1.19,-1.19,3.99,0.64,-1.56,3.56,0.04,-1.66,2.48,0.55,-0.99,1.55,0.98,-0.77,0.96,0.57,-0.74,0.63,1.00,-0.26
-6.71,7.92,5.99,-7.93,7.44,5.93,-6.62,5.60,-0.98,-6.77,6.07,-7.09,-5.02,4.00,-7.41,-3.41,0.16,-8.07,-2.41,-0.69,-8.12,-1.29,-0.66,-9.71,-0.90,-1.16,-10.60,1.33,-2.51,-9.50,5.15,-3.18,-10.20,8.79,-1.20,-17.48,15.19,1.37,-17.03,32.42,-10.62,-18.28,36.59,1.96,6.52,19.85,29.55,33.16,27.10,10.53,37.32,20.98,-8.20,17.95,3.27,-2.96,-10.48,7.37,-1.35,-3.96,9.71,4.43,3.84,8.04,3.98,-1.55,8.10,3.29,-2.49,8.80,2.40,-0.78,8.85,1.46,-4.52,7.07,1.98,-7.54,8.15,2.45,-3.90,9.18,2.06,-1.15,9.52,3.45,-2.32,8.40,4.24,-4.51,9.12,1.68,-2.51,9.40,1.60,-1.62,9.32,4.04,-2.64,8.33,3.88,-3.49,8.33,1.68,-3.23,8.07,1.45,-3.03,7.92,3.06,-3.06,7.88,3.44,-2.03,8.50,2.54,-0.69,7.77,2.71,-1.05,7.22,2.89,-1.76,6.74,2.60,-2.48,6.79,2.22,-1.82,6.92,1.81,-1.24,7.00,1.63,-0.71
1.58,-3.78,-16.22,7.94,-0.85,-21.12,24.63,3.40,-19.61,44.01,-3.16,-7.30,37.40,5.11,13.25,48.76,24.60,44.38,21.48,13.43,34.00,2.33,-3.76,-2.99,2.43,1.48,-9.34,12.58,2.99,4.41,11.02,-1.12,-2.10,9.24,2.08,-6.20,9.30,2.35,-5.13,9.87,2.83,-5.93,10.31,4.30,-6.42,11.77,2.18,-3.94,10.71,1.93,-6.34,10.24,3.13,-6.60,10.96,2.36,-3.92,10.19,3.25,-3.70,9.03,3.83,-4.94,9.18,3.21,-4.86,10.13,2.96,-2.83,9.45,3.52,-3.05,9.36,2.28,-3.02,8.94,3.98,-2.66,9.55,3.77,-0.93,8.57,3.42,0.63,9.34,1.11,3.68,7.94,1.54,2.28,6.46,3.46,2.81,4.11,2.10,4.43,4.80,-2.18,2.11,1.31,0.37,-2.72,-1.72,0.08,-4.79,-3.45,-1.64,-6.30,-4.24,-1.43,-7.09,-5.09,-0.67,-7.64,-5.23,-2.45,-8.09,-5.01,-2.70,-9.78,-5.06,-1.07,-10.31,-5.78,-0.66,-9.87,-5.94,-2.18,-8.54,-6.67,-0.87,-7.99,-7.63,1.19,-8.73
-8.40,2.24,-9.45,-8.22,2.69,-9.13,-7.84,1.96,-8.54,-7.56,0.96,-8.72,-7.36,1.15,-9.24,-7.31,1.14,-9.51,-7.46,0.78,-9.59,-7.75,1.12,-9.70,-8.13,1.61,-9.80,-8.29,1.75,-9.31,-8.05,1.71,-8.77,-7.86,1.29,-9.14,-7.72,1.01,-9.64,-7.66,1.14,-9.90,-7.66,1.36,-9.77,-7.73,1.23,-9.64,-7.90,1.58,-9.64,-7.97,1.62,-9.26,-8.01,1.49,-9.28,-8.01,1.59,-9.42,-7.99,1.63,-9.34,-7.92,1.52,-9.50,-7.92,1.60,-9.61,-7.81,1.59,-9.53,-7.79,1.33,-9.72,-7.67,1.46,-9.51,-7.78,1.45,-9.21,-7.97,1.61,-9.37,-8.08,1.80,-9.49,-7.89,1.59,-9.33,-7.84,1.28,-9.29,-7.93,1.81,-9.50,-7.75,1.86,-9.53,-7.61,1.05,-9.17,-7.90,1.40,-9.50,-8.39,2.13,-9.70,-8.14,3.03,-9.61,-7.54,1.87,-9.35,-7.11,0.20,-9.44,-7.38,0.05,-9.92,-7.77,1.31,-9.51,-8.15,2.18,-8.70,-8.19,2.54,-8.97,-7.97,1.76,-9.73,-8.00,1.14,-9.84
7.28,-2.62,-18.73,17.86,-1.30,-20.74,42.04,0.51,-3.66,28.85,-2.42,-5.63,42.47,20.01,20.56,46.76,25.76,47.80,15.91,1.06,23.24,5.62,-5.66,4.55,8.74,4.74,1.12,8.22,2.15,-6.58,8.62,0.87,-8.05,11.47,3.23,-3.40,9.52,3.25,-7.65,9.10,4.12,-6.18,11.81,2.03,-2.71,10.23,2.09,-5.30,9.75,3.22,-5.87,10.16,2.78,-4.70,9.78,2.08,-4.99,9.55,3.01,-5.05,10.15,3.83,-4.67,10.01,2.66,-4.88,9.93,2.06,-4.82,10.19,3.58,-4.45,10.08,3.93,-5.40,9.97,2.26,-4.94,10.05,1.90,-4.25,10.23,3.62,-3.35,9.53,3.07,-4.23,9.56,2.99,-4.57,9.63,3.34,-4.61,8.61,3.53,-5.37,9.24,3.37,-4.85,9.82,3.49,-3.93,9.63,3.23,-3.97,9.56,2.85,-4.00,9.60,3.66,-3.93,9.41,3.08,-4.39,9.33,3.00,-4.12,9.20,3.47,-3.77,9.42,3.45,-3.90,9.07,3.42,-4.10,9.19,3.42,-3.29,9.42,3.72,-2.76,9.05,3.43,-3.96
11.75,2.52,-8.88,10.94,2.19,-8.78,11.66,1.42,-7.16,11.92,2.55,-7.76,11.51,2.61,-8.05,11.51,1.84,-7.42,11.20,2.31,-6.94,10.02,3.47,-7.22,9.58,3.05,-8.55,9.93,2.07,-9.07,10.96,1.33,-8.92,11.90,1.16,-7.56,12.31,1.70,-6.39,12.03,2.69,-6.75,11.41,2.51,-7.07,11.13,3.08,-5.93,11.42,3.44,-4.16,11.78,4.36,-4.10,12.07,4.59,-1.08,13.50,1.33,2.12,13.33,0.38,2.97,10.20,4.46,2.02,8.56,1.59,-1.06,4.88,4.19,-1.14,2.34,4.78,-0.48,1.41,2.39,1.30,0.77,1.14,0.27,-1.93,0.70,-1.81,-2.92,-1.38,-5.03,-5.26,-0.37,-7.11,-5.49,0.82,-6.55,-5.18,-1.08,-7.61,-5.81,-0.95,-8.86,-5.69,-0.78,-9.43,-5.90,-2.34,-9.06,-5.95,-2.01,-8.88,-5.98,-1.66,-9.44,-6.44,-2.00,-10.07,-5.89,-1.93,-9.47,-5.41,-1.21,-9.89,-0.90,-0.80,-16.35,3.91,-0.51,-25.65,41.28,-3.97,-21.07,63.85,-24.30,-1.88,37.27,3.16,8.87
7.65,0.59,-20.35,23.05,5.57,-30.75,64.69,-20.95,-10.50,46.90,15.03,10.47,26.17,31.96,2.83,35.39,11.76,24.05,23.00,2.79,14.86,18.15,-4.91,3.58,15.92,-2.07,3.05,13.41,1.10,-6.40,9.11,4.17,-11.89,11.88,3.18,-5.54,11.19,3.54,-10.25,9.90,3.73,-10.20,11.53,3.22,-6.57,11.65,3.07,-8.71,10.74,2.65,-7.92,11.55,1.70,-5.66,11.22,2.02,-8.09,10.44,2.96,-8.56,10.74,3.00,-7.22,11.36,1.92,-7.16,11.37,2.37,-8.23,10.45,3.34,-8.46,11.30,2.32,-7.04,10.96,3.52,-8.10,11.24,2.75,-7.23,11.33,2.02,-7.20,11.37,2.20,-8.01,11.02,3.05,-7.58,11.43,2.55,-6.18,10.99,2.53,-8.06,11.04,2.75,-7.85,11.27,3.34,-7.04,11.02,2.56,-7.71,11.21,1.75,-7.38,11.34,3.30,-7.07,10.87,4.01,-5.82,10.86,4.08,-2.29,12.35,4.02,-1.22,11.81,4.65,-1.41,10.48,3.39,-0.71,9.01,2.76,1.96,8.53,2.39,2.01,4.55,4.78,1.90
4.53,-2.79,-15.40,17.83,2.07,-18.66,29.34,-4.82,-17.41,31.02,-1.01,-5.66,37.03,8.19,18.59,32.23,19.42,29.03,25.94,-3.45,20.92,12.90,-8.67,2.58,7.95,-0.94,-6.63,8.41,1.53,-7.20,9.30,2.24,-2.73,10.13,2.86,-3.63,8.43,0.79,-7.68,10.50,1.30,-4.35,11.29,1.53,-4.09,11.03,1.24,-5.41,10.57,0.86,-5.54,10.58,1.54,-4.13,9.61,1.70,-3.93,9.65,1.39,-4.20,9.11,1.25,-4.99,8.87,1.64,-4.12,10.10,1.32,-4.01,9.73,2.07,-4.61,9.79,1.51,-3.75,10.60,-0.49,-2.96,10.46,-0.33,-3.98,9.62,1.66,-3.79,9.90,0.82,-2.04,9.90,0.85,-2.27,9.11,2.35,-3.29,8.76,2.25,-3.17,9.23,1.22,-2.61,9.43,1.27,-2.65,9.05,2.05,-2.99,8.65,1.77,-3.06,8.49,1.03,-3.23,8.19,0.90,-3.17,7.60,1.82,-2.81,7.93,1.55,-2.17,7.50,1.94,-1.62,7.43,1.65,-1.07,8.21,1.11,-0.50,8.39,-0.50,0.81,8.19,-1.04,1.93
-8.38,2.53,-9.16,-8.65,2.75,-8.51,-8.35,2.44,-8.12,-8.24,1.85,-8.15,-8.22,1.16,-7.84,-8.01,1.44,-7.82,-7.97,1.75,-7.99,-7.94,1.90,-8.27,-7.89,1.47,-8.21,-7.90,1.23,-8.17,-7.89,0.71,-8.16,-7.88,0.42,-8.37,-7.68,1.14,-8.59,-7.81,2.46,-8.89,-8.18,2.99,-9.21,-8.09,2.88,-9.26,-7.89,3.37,-9.66,-7.83,3.46,-10.08,-7.99,3.54,-10.50,-8.24,2.96,-10.16,-8.53,1.02,-10.21,-8.48,0.97,-10.11,-8.40,1.89,-10.84,-8.61,2.14,-11.23,-9.45,1.02,-9.69,-10.48,0.55,-8.51,-12.06,-0.86,-7.73,-12.87,0.11,-8.58,-10.99,2.22,-9.46,-7.24,1.67,-10.84,-3.71,-1.16,-11.90,-1.59,-2.82,-12.71,-2.13,-2.38,-13.25,-2.69,-3.88,-10.83,-4.27,-2.25,-11.53,-5.55,-1.61,-12.53,-6.62,-2.28,-12.79,-7.19,-2.34,-10.76,-7.57,-2.94,-9.81,-7.69,-2.75,-10.08,-7.11,-2.69,-10.64,-6.39,-3.34,-11.61,-5.90,-2.92,-12.06,-6.10,-3.18,-11.43,-6.41,-3.64,-11.20
6.08,-4.20,-17.53,20.10,-7.04,-27.01,51.57,-19.97,-13.74,37.31,8.24,-9.82,30.41,36.57,-1.82,59.53,0.19,53.97,25.86,4.15,24.63,4.12,-3.68,-5.57,8.39,-1.90,-3.29,10.42,3.34,-6.58,10.74,2.94,-5.99,12.26,1.86,-0.85,10.72,1.70,-5.24,10.28,1.05,-6.66,10.52,1.62,-4.16,10.47,0.99,-3.85,9.72,2.08,-4.67,10.55,1.26,-3.76,9.44,1.24,-3.71,9.62,2.25,-2.44,9.92,1.91,-2.82,8.66,1.77,-3.10,8.24,1.35,-2.37,7.86,2.85,-1.88,7.04,4.09,-0.09,7.24,2.06,0.41,6.30,2.91,1.81,6.93,3.63,5.22,6.94,3.50,5.60,5.69,4.09,5.72,4.35,3.17,3.17,2.45,5.29,0.55,2.32,0.90,0.45,-0.33,-2.39,-5.13,-2.26,-1.93,-9.70,-5.42,0.10,-11.23,-5.16,-1.25,-8.76,-4.95,0.34,-8.72,-5.63,-0.52,-9.46,-6.32,-0.83,-8.87,-6.01,0.20,-8.22,-6.12,0.20,-8.34,-6.89,-0.53,-8.58,-6.36,1.59,-9.54,-6.58,2.56,-10.54
6.34,0.97,-17.08,19.75,4.34,-21.96,56.11,-19.63,-19.66,50.69,-7.02,3.52,29.80,38.29,13.43,40.50,5.37,27.96,22.82,-20.07,11.29,11.25,-10.61,-5.29,5.34,10.84,-8.36,11.76,0.86,-6.15,12.70,1.28,-8.04,13.00,1.54,-8.78,11.97,-0.51,-9.85,11.79,1.14,-8.28,11.31,3.05,-7.77,11.71,0.42,-8.70,11.96,0.31,-8.10,12.61,-0.64,-7.40,11.91,1.01,-8.24,10.78,0.54,-8.53,10.74,1.52,-7.81,10.49,0.85,-7.22,10.62,1.53,-5.31,10.96,3.00,-5.72,11.00,2.36,-4.84,11.10,1.36,-3.22,11.78,0.93,-4.38,10.31,4.00,-1.49,11.93,2.37,4.99,12.12,0.42,11.43,13.10,-1.07,10.01,11.25,2.19,2.19,9.16,0.04,-4.30,5.71,-2.39,-7.88,0.76,-3.55,-8.84,-2.70,-5.06,-8.13,-3.79,-4.47,-7.41,-4.85,-1.76,-9.40,-7.13,-0.44,-9.69,-7.26,-0.85,-8.04,-7.70,1.72,-8.42,-8.08,1.29,-7.26,-7.97,-1.05,-6.79,-7.52,0.15,-8.35,-7.69,0.42,-9.28
5.18,2.04,-18.23,22.40,4.48,-33.80,60.68,-9.95,-28.58,54.67,-0.15,10.78,39.90,13.75,37.67,31.57,-16.91,31.66,11.15,-9.02,-3.11,5.34,3.97,-8.46,13.47,1.49,2.90,11.56,1.15,-1.52,9.55,5.63,-5.87,10.05,2.95,-6.21,11.16,-0.44,-7.58,10.91,3.98,-7.18,10.18,4.57,-6.25,10.68,2.09,-5.30,11.33,1.14,-5.09,9.21,3.79,-4.96,9.67,2.88,-5.01,9.65,1.76,-5.66,9.79,2.59,-4.18,9.91,2.38,-4.17,9.61,2.91,-4.95,10.02,2.44,-4.32,10.23,2.48,-3.64,10.09,2.64,-2.89,10.25,2.43,-2.26,10.10,1.62,-2.82,9.12,2.65,-3.92,7.77,3.25,-2.46,10.09,1.44,-0.74,8.83,0.75,-2.12,6.51,3.75,-3.56,8.38,1.38,-2.68,7.57,0.43,-4.08,5.13,3.66,-5.13,4.02,3.96,-3.20,7.76,1.47,0.43,8.26,0.35,2.18,7.86,0.92,1.49,6.96,1.18,-0.00,5.20,0.85,-0.33,6.37,-1.78,1.31,5.94,-0.60,1.08,4.33,0.50,0.73
-13.61,2.85,-7.75,-13.17,3.94,-7.38,-11.02,7.34,-6.71,-9.17,2.62,-5.76,-6.94,-0.14,-5.93,-5.94,1.13,-7.05,-5.45,0.67,-7.49,-5.07,-0.59,-7.22,-4.87,-1.14,-7.27,-5.38,0.22,-8.15,-6.37,-0.39,-8.28,-7.26,-0.46,-7.82,-8.05,1.19,-7.50,-7.83,2.68,-6.57,-8.16,2.66,-4.99,-6.97,1.79,-3.49,-5.80,-0.59,-4.61,-6.58,-1.03,-7.23,-7.87,2.53,-8.18,-7.49,3.18,-6.72,-6.74,4.99,-6.20,-7.11,4.70,-5.53,-7.67,3.84,-5.96,-7.31,3.20,-5.77,-7.02,2.73,-5.58,-6.85,2.59,-5.32,-6.73,2.39,-5.05,-6.54,2.80,-4.72,-6.31,2.69,-4.97,-6.01,1.32,-4.43,-6.06,1.88,-4.97,-6.14,2.89,-5.95,-6.33,2.48,-5.63,-6.16,1.32,-4.70,-6.69,1.38,-5.48,-6.85,2.18,-5.97,-6.88,2.52,-4.69,-7.25,3.45,-3.61,-7.33,4.36,-3.05,-6.91,2.03,-3.68,-7.10,2.42,-5.39,-6.83,2.69,-5.76,-6.37,2.53,-5.17,-6.24,2.14,-5.48,-5.95,1.88,-6.08
-8.25,2.44,-10.67,-6.31,3.22,-12.03,-2.49,-0.31,-10.00,-1.89,-3.68,-11.67,3.45,-0.94,-12.57,5.27,-0.87,-14.01,21.44,-0.68,-20.57,43.19,-9.78,-15.11,47.16,-1.57,-5.11,35.43,33.18,10.97,38.33,27.10,42.76,22.59,-8.01,28.63,0.08,-1.91,-4.48,9.65,-0.02,-1.16,10.29,3.91,-4.95,9.98,2.36,-5.89,10.49,3.53,-3.39,10.78,3.57,-8.36,10.96,2.79,-7.14,12.50,2.08,-4.40,12.47,1.14,-4.47,10.76,2.15,-4.94,11.79,1.78,-2.66,11.09,4.20,-2.23,10.01,4.79,-0.99,8.93,3.37,-0.96,8.22,3.47,0.98,8.57,5.74,3.96,7.00,5.82,6.80,4.85,3.71,6.82,3.96,1.41,3.69,2.39,3.55,-1.77,-0.94,3.19,-4.88,-2.82,1.67,-5.22,-2.43,0.54,-6.16,1.57,0.01,-7.76,-4.52,3.03,-14.08,-7.91,4.83,-6.09,-4.57,1.55,-6.39,-5.76,1.19,-6.75,-5.50,0.17,-8.34,-6.17,1.40,-11.34,-7.70,0.89,-12.07,-7.74,0.05,-9.74,-8.20,2.32,-8.80
-9.92,1.02,-9.55,-11.71,1.46,-11.29,-12.08,2.18,-11.60,-10.26,1.55,-9.58,-8.21,0.97,-8.10,-7.09,-0.23,-8.05,-5.15,-0.43,-8.09,-4.26,-0.38,-6.73,-3.72,-2.40,-5.78,-4.28,-2.08,-6.38,-2.60,1.48,-8.33,0.98,3.29,-10.57,14.20,-0.57,-18.75,44.57,-5.78,-14.68,51.24,4.42,-15.43,49.84,18.09,7.95,60.14,15.26,42.90,34.68,2.40,32.01,12.03,-14.21,-2.77,8.61,-8.01,-11.12,10.33,4.92,-5.76,13.85,4.29,-3.20,10.41,2.85,-9.38,10.14,0.32,-10.20,11.63,2.83,-7.17,10.78,1.91,-9.64,11.62,1.64,-6.84,12.18,3.27,-4.27,11.31,1.45,-8.31,11.49,0.54,-8.32,10.84,2.41,-6.80,10.73,3.19,-6.75,10.72,2.21,-7.64,11.26,2.19,-5.70,12.41,2.49,-4.51,10.77,2.65,-6.16,10.51,1.01,-7.05,10.93,1.97,-6.66,10.55,2.61,-5.86,11.02,2.33,-4.85,10.79,2.73,-6.05,10.53,2.15,-6.12,10.82,1.39,-5.73,10.61,1.69,-5.65,10.69,1.12,-5.78
11.26,1.96,-7.30,11.30,2.36,-7.18,11.69,1.34,-7.45,10.68,1.52,-8.43,11.67,0.83,-5.86,10.88,3.99,-7.94,11.40,1.55,-6.09,11.55,0.71,-7.00,10.75,2.42,-8.41,11.45,1.70,-6.19,10.78,3.12,-7.69,11.35,1.47,-6.63,11.62,1.74,-6.37,10.76,2.99,-7.72,10.77,2.00,-7.43,11.03,2.44,-6.17,11.74,1.69,-6.55,10.87,2.21,-8.26,11.17,2.39,-6.45,11.67,1.84,-6.36,10.39,3.00,-8.20,11.41,2.19,-5.83,11.50,2.09,-6.43,10.90,2.44,-6.97,10.92,2.15,-3.38,11.61,4.13,2.36,13.99,3.57,2.49,12.58,3.31,1.57,10.00,2.15,1.32,5.18,4.84,1.02,3.77,3.42,2.79,2.69,3.11,3.49,2.97,3.82,3.95,2.18,3.88,-1.73,-0.71,0.81,-6.10,-1.93,-0.10,-6.97,-2.99,0.09,-9.60,-5.64,-0.35,-11.42,-6.16,-2.03,-9.25,-4.80,-1.67,-7.63,-5.56,0.75,-7.85,-5.55,1.34,-6.48,-4.89,-0.35,-7.31,-4.11,0.37,-10.21,-3.10,0.44,-11.26
-7.96,2.95,-9.68,-7.78,2.62,-9.15,-8.06,1.35,-9.07,-8.39,2.07,-8.51,-8.25,3.41,-7.98,-8.72,2.48,-7.38,-9.25,1.42,-7.42,-9.63,1.75,-7.21,-9.86,1.60,-7.43,-10.22,2.35,-8.61,-9.69,1.68,-8.86,-9.07,1.50,-9.50,-7.82,1.04,-9.31,-7.04,0.26,-10.18,-6.92,-1.25,-10.91,-6.28,-0.63,-10.73,-4.93,-0.81,-10.19,-4.48,0.79,-11.33,-3.90,-2.62,-8.04,0.65,-6.80,-9.51,9.28,4.34,-16.94,34.44,1.00,-27.53,49.18,-20.11,-8.33,46.66,24.03,14.69,31.47,23.35,20.01,22.90,6.64,31.14,9.49,3.23,6.27,13.57,2.20,2.37,12.97,-3.00,-0.76,10.76,-2.45,-9.84,9.55,3.02,-6.16,11.97,5.43,-4.85,10.22,0.34,-8.95,11.47,0.64,-5.57,12.55,3.22,-5.63,9.55,1.80,-9.79,11.25,0.91,-4.76,11.36,2.73,-5.00,10.35,2.99,-8.22,10.61,1.43,-5.70,11.53,1.13,-5.28,11.25,1.48,-7.15,10.32,2.90,-5.81,11.06,1.86,-5.09,10.44,2.20,-6.55
14.37,2.68,-13.03,41.19,-10.87,-24.76,47.81,-24.94,-6.44,12.18,78.80,19.37,18.63,11.27,69.72,3.66,-11.85,2.62,-0.26,1.24,-10.99,7.72,0.68,4.63,3.19,6.48,-5.21,5.06,6.68,1.62,6.13,3.60,1.52,6.22,4.30,-2.85,4.44,4.39,-2.08,6.21,4.31,0.32,5.78,2.75,-3.47,5.91,4.45,-0.28,5.02,4.32,-1.72,6.15,2.33,-0.95,5.58,3.60,-0.50,5.11,5.17,-2.59,5.66,3.22,-1.78,5.44,4.99,-1.88,5.74,2.79,0.39,6.09,2.72,-0.72,4.78,4.36,-2.91,4.98,4.64,0.11,5.64,3.61,-0.95,5.42,2.25,-2.52,5.06,3.71,-1.88,5.73,5.63,-0.11,5.53,3.16,-0.45,5.36,3.53,0.11,4.96,4.07,-0.79,4.69,3.53,-0.66,4.33,3.88,0.43,4.17,3.12,1.12,3.83,3.21,0.96,3.29,3.72,0.29,2.58,3.09,-0.11,1.53,3.48,-0.19,0.76,2.94,0.59,0.05,5.33,-1.17,-1.41,5.91,-1.97,-0.94,3.21,-1.28,-1.09,3.66,-1.38
7.03,0.30,-16.07,31.23,-19.24,-25.65,36.18,-7.71,-24.63,49.36,29.02,1.92,65.82,14.24,52.85,35.62,-30.64,28.39,-1.75,-1.07,-12.57,8.69,2.11,-1.18,10.08,-0.57,-1.87,9.52,1.97,-3.13,10.31,2.21,-1.30,9.15,1.45,-5.84,8.43,1.29,-5.40,9.84,2.32,-0.46,9.17,1.00,-4.12,7.88,1.73,-5.67,10.03,1.60,-0.61,10.03,-0.45,-2.23,8.17,2.08,-4.60,9.10,1.90,-1.81,9.20,1.40,-1.39,9.21,1.81,-2.92,8.66,0.96,-3.26,8.57,-0.28,-3.26,8.02,1.66,-3.31,7.73,2.32,-2.35,8.12,0.38,-3.32,8.12,1.02,-3.23,9.22,2.15,-0.48,8.76,0.50,-1.71,8.30,0.85,-2.79,8.08,2.19,-2.39,8.16,1.65,-1.96,7.91,1.38,-2.22,8.23,0.91,-2.11,8.53,1.08,-1.95,8.37,1.59,-0.88,8.49,1.32,0.68,7.48,1.70,0.61,6.04,2.09,1.32,5.93,1.30,2.38,4.28,3.29,1.81,3.67,3.67,1.05,1.85,3.73,1.54,2.36,2.95,3.54
11.09,1.75,-16.54,23.99,-4.37,-25.25,37.66,-21.84,-19.73,24.14,15.31,-6.44,36.64,36.64,28.44,36.10,6.67,47.29,9.56,-1.96,8.64,11.02,-2.55,2.08,10.50,-0.63,-3.63,6.67,10.15,-3.16,9.56,4.60,1.44,7.81,1.45,-7.85,9.13,2.58,-3.94,10.04,3.36,-0.11,8.03,3.30,-5.46,8.10,3.97,-3.74,9.12,2.78,-2.16,9.28,1.92,-2.92,7.95,3.36,-5.23,8.70,3.21,-1.68,8.56,3.20,-2.94,8.06,3.20,-5.68,8.74,1.12,-3.05,7.43,2.79,-5.43,6.84,6.08,-3.33,8.93,5.38,1.82,8.60,3.97,-1.94,8.24,2.71,-3.12,9.00,2.30,-2.36,9.02,2.91,-2.94,8.88,1.87,-2.70,7.95,3.68,-3.31,7.40,6.11,-1.37,7.52,4.38,-0.77,6.98,1.98,-4.13,7.23,3.28,-3.70,7.48,3.60,-1.84,7.41,2.94,-2.48,8.04,2.43,-1.98,7.92,2.88,-1.30,7.70,3.32,-2.12,7.41,3.12,-2.77,7.83,2.14,-2.41,7.87,2.75,-2.44,7.78,2.30,-2.04
4.66,-2.27,-15.65,17.09,-8.96,-24.72,37.98,-13.10,-27.24,36.14,2.19,-15.59,51.27,47.17,34.44,36.57,6.73,39.85,18.86,-3.14,15.95,7.26,3.47,-1.67,5.28,1.33,-9.42,7.55,0.38,-5.83,11.39,3.66,-0.29,9.68,4.19,-4.31,8.08,1.18,-6.24,9.67,1.87,-2.86,10.08,3.26,-3.65,8.69,3.14,-5.28,9.53,2.55,-3.32,10.19,1.72,-2.61,10.01,1.34,-2.70,9.11,1.47,-3.68,9.35,1.86,-2.66,9.25,2.43,-2.41,8.58,1.75,-3.90,8.15,1.37,-4.20,8.66,1.15,-2.55,8.95,1.07,-2.66,8.35,1.94,-3.54,8.60,0.68,-2.45,9.10,1.08,-1.73,8.71,1.45,-2.83,8.28,2.28,-3.32,8.45,1.80,-2.46,8.80,1.41,-2.01,8.63,1.71,-2.67,8.34,1.22,-2.63,8.49,1.75,-1.99,8.48,1.90,-2.46,8.14,1.81,-3.21,8.37,0.53,-2.14,8.66,1.55,-1.97,8.25,1.53,-2.72,8.15,1.49,-2.66,8.49,1.29,-1.89,8.31,1.30,-2.24,8.22,1.58,-2.67
10.27,1.33,-15.53,22.82,-1.94,-18.98,46.54,-27.13,-24.19,24.86,4.09,-6.84,41.78,75.75,39.23,36.71,-5.45,61.03,7.92,-16.34,-2.60,-2.63,5.35,-10.38,10.84,8.91,6.38,5.56,5.17,-1.65,6.87,5.75,-1.57,7.37,2.49,-3.47,7.67,2.46,-4.21,8.42,3.66,-0.84,8.69,2.97,-0.27,7.37,4.53,-1.97,7.36,4.08,-2.82,7.11,3.38,-2.35,7.44,4.02,-1.54,7.02,3.19,-1.72,6.87,3.48,-2.07,7.14,3.94,-1.73,7.06,3.45,-1.53,6.89,2.46,-1.54,6.59,3.66,-2.07,7.01,3.29,-0.96,6.88,2.60,-1.51,6.49,2.17,-2.18,6.36,2.39,-2.21,6.02,2.89,-2.71,6.18,2.63,-1.38,6.12,2.94,-1.10,5.69,3.75,-1.50,5.91,3.23,-0.20,6.02,3.82,0.15,5.81,3.79,-0.69,6.02,3.05,0.12,6.01,3.76,0.07,5.75,3.48,0.15,5.55,3.27,0.72,4.89,3.48,0.39,4.37,3.63,0.59,4.32,2.55,1.43,4.72,2.13,3.43,4.28,2.03,3.92
13.14,3.33,-19.50,29.80,0.48,-35.47,49.08,-14.40,-22.04,27.93,31.94,5.84,41.23,30.19,49.42,25.33,-1.65,37.93,6.43,3.36,-2.89,3.25,1.71,-12.33,10.86,-0.07,2.47,12.11,3.58,0.49,8.79,4.44,-4.22,9.03,2.29,-2.85,8.49,1.87,-5.33,7.90,3.13,-3.76,8.83,3.75,-0.90,8.13,4.53,-2.77,7.17,2.31,-4.52,7.82,1.88,-2.91,7.68,2.59,-2.24,7.54,3.62,-2.82,7.90,2.81,-2.59,7.98,2.42,-1.79,8.24,2.68,-2.05,7.83,2.79,-2.57,8.15,2.44,-2.02,7.71,3.13,-2.78,7.61,3.15,-1.98,7.85,2.77,-1.14,7.73,2.95,-2.55,7.75,2.53,-1.67,7.72,2.47,-1.33,7.52,3.11,-2.16,7.46,3.05,-2.51,7.43,2.78,-2.24,7.33,2.77,-2.25,7.05,3.47,-2.58,7.43,3.01,-1.41,7.51,2.43,-2.01,7.20,2.13,-2.95,7.24,2.39,-1.85,7.46,3.05,-1.23,7.09,3.01,-2.21,6.97,3.45,-1.81,7.29,4.25,-1.08,7.11,2.91,-1.80
8.54,2.07,-18.39,25.50,-10.94,-19.53,32.79,-20.18,-21.67,33.48,9.03,-9.48,55.71,24.45,40.10,31.21,11.27,39.20,9.36,-0.78,11.27,7.04,5.00,2.40,7.99,0.56,-4.75,8.97,-1.46,-5.67,10.80,1.09,-1.48,9.90,3.29,-2.66,8.29,1.83,-4.45,9.64,1.31,-2.02,9.86,1.82,-2.19,9.10,2.43,-3.51,8.25,1.85,-3.53,8.42,2.04,-2.88,8.75,2.37,-1.20,8.39,1.79,-1.70,8.05,1.83,-3.29,7.53,2.51,-2.66,7.83,2.26,-1.83,7.86,2.25,-1.59,7.89,1.72,-2.51,7.28,2.90,-3.06,7.93,1.71,-1.30,7.93,2.24,-1.51,7.56,2.08,-1.73,7.85,1.43,-2.09,7.86,2.50,-1.52,7.74,1.43,-1.58,7.54,1.78,-2.08,7.36,1.64,-1.97,7.08,2.18,-1.80,7.21,1.80,-1.07,7.31,1.99,-1.27,7.38,1.64,-1.48,7.05,1.93,-1.27,6.59,1.63,-2.02,6.49,1.60,-1.96,6.91,2.14,-0.99,6.94,2.46,-1.28,6.87,2.26,-1.29,7.19,2.21,-1.07
11.29,1.03,-20.24,20.96,2.49,-34.36,41.34,-15.89,-16.69,21.22,11.39,3.79,24.75,40.01,24.96,21.82,-7.21,27.82,11.15,3.96,11.86,6.62,7.44,1.63,7.66,0.95,1.46,9.40,4.43,-0.98,8.93,5.34,-0.28,8.37,2.67,-2.48,7.89,3.40,-3.83,7.67,4.11,-2.60,8.71,3.67,-2.75,7.67,3.26,-3.99,8.29,1.91,-1.80,8.85,3.37,-1.02,7.94,3.92,-2.38,8.01,2.30,-2.14,8.05,3.07,-2.44,7.07,3.14,-3.15,7.77,3.21,-1.92,8.16,2.45,-1.97,6.86,3.11,-4.08,7.33,4.16,-2.26,7.85,2.65,-1.01,7.68,2.00,-2.63,7.12,3.88,-2.46,7.88,3.21,-1.21,7.12,2.67,-2.64,7.37,2.38,-2.57,7.37,3.92,-1.81,7.34,2.65,-2.04,7.11,3.66,-2.44,7.40,3.39,-1.53,7.19,3.87,-1.60,7.14,2.75,-2.17,7.40,2.48,-2.63,7.33,3.25,-2.42,7.41,2.74,-1.44,7.42,3.59,-1.28,7.24,3.34,-1.34,7.16,2.54,-2.25,6.85,3.73,-2.65
6.48,-0.58,-16.85,18.45,-5.14,-27.07,41.45,-12.14,-24.08,40.81,0.94,-17.06,72.45,32.50,30.38,43.12,25.58,54.11,16.12,-1.26,22.02,1.33,5.59,-0.45,8.84,-1.31,2.32,6.20,-1.29,-8.25,7.42,3.29,-2.19,8.49,4.83,1.07,6.93,1.54,-6.73,8.19,2.63,-3.15,10.66,2.96,-0.58,9.33,2.37,-4.50,8.37,3.10,-4.73,9.54,1.92,-2.00,9.61,0.93,-1.80,8.57,2.26,-2.54,7.70,2.47,-2.77,7.99,1.66,-1.04,8.48,0.94,-0.88,7.95,1.81,-1.69,7.18,1.23,-1.96,7.23,0.52,-1.30,6.93,0.88,-1.17,6.67,2.43,-0.95,7.18,0.76,-0.69,6.88,0.38,-1.68,6.57,0.63,-2.24,6.70,0.30,-2.12,7.00,-0.32,-1.72,6.04,0.81,-2.46,5.94,0.38,-1.82,6.17,0.48,-0.75,6.85,1.26,0.29,6.85,2.12,0.38,6.45,1.18,-0.66,6.30,0.84,-1.59,5.82,0.87,-1.22,6.39,0.30,0.17,5.98,0.69,-0.68,5.60,1.12,-0.94,5.88,0.34,-0.73
